pos word,label
JJ crowning,anticipation|joy|surprise|trust
VB improvise,anticipation|surprise
NN anomaly,fear|surprise
JJ gullible,sadness|trust
VB lord,disgust|trust
JJ terrific,sadness
VB decay,fear|sadness
VB word,trust
VB excited,anticipation|joy|surprise|trust
VB mate,trust
VB disappear,fear
NN unemployed,fear|sadness
VB brigade,fear
VB volunteer,anticipation|fear|joy|trust
VB restrain,anger|fear
JJ teeming,disgust
JJ nameless,disgust
VB base,trust
NN halter,anger|fear|sadness
NN impotence,anger|fear|sadness
VB present,anticipation|joy|surprise|trust
NN cupping,disgust|fear|sadness
NN masochism,anger|disgust|fear
VB bark,anger
NN hit,anger
NN smith,trust
NN syncope,fear|sadness|surprise
VB barb,anger
VB accord,trust
VB barf,disgust
NN healing,anticipation|joy|trust
NN crescendo,anticipation|joy|surprise|trust
VB chart,trust
NN dogma,trust
VB found,joy|trust
VB quest,anticipation
VB remove,anger|fear|sadness
NN recipient,anticipation
NN jubilee,joy|surprise
JJ contraband,anger|disgust|fear
VB loom,anticipation|fear
NN ordnance,fear
NN scrapie,anger|fear|sadness
NN savage,anger|fear
NN conservation,anticipation|trust
NN childhood,joy
VB scar,anger|disgust|fear|sadness
VB disapproved,anger|sadness
VB cross,anger|fear|sadness
JJ owing,anger|anticipation|disgust|fear|sadness|trust
NN groan,disgust|sadness
JJ dreary,sadness
NN tandem,trust
JJ callous,anger|disgust
NN defense,anger|anticipation|fear
NN hog,disgust
VB long,anticipation
NN spinster,fear|sadness
NN convict,anger|disgust|fear|sadness
NN buddy,anticipation|joy|trust
NN investigation,anticipation
NN birch,anger|disgust|fear
NN mucus,disgust
NN bitterness,anger|disgust|sadness
NN startle,fear|surprise
NN pauper,sadness
NN midwife,anticipation|joy|trust
VB star,anticipation|joy|trust
NN trepidation,anticipation|fear|surprise
VB forearm,anger|anticipation
NN overestimate,surprise
NN constant,trust
VB bang,anger|disgust|fear|sadness|surprise
VB stab,anger|fear|sadness|surprise
VB thundering,anger|fear
NN downfall,fear|sadness
VB falling,sadness
JJ armed,anger|fear
VB limited,anger|sadness
NN liberty,anticipation|joy|surprise|trust
JJ heathen,fear
VB bank,trust
VB crouching,fear
NN feud,anger
NN fete,anticipation|joy|surprise
NN chagrin,disgust|sadness
NN neurotic,disgust|fear
JJ malevolent,anger|disgust|fear|sadness
JJ ghostly,fear
NN kerosene,fear
NN linguist,trust
JJ neglected,anger|disgust|sadness
NN burlesque,surprise
NN privy,trust
JJ ecstatic,anticipation|joy|surprise
JJ unkind,anger|disgust|fear|sadness
NN notification,anticipation
VB bale,fear
JJ commanding,trust
VB react,anger|fear
VB conglomerate,trust
NN vacation,anticipation|joy
VB elucidate,trust
NN resistance,anger
NN musical,anger|anticipation|joy|sadness|surprise|trust
JJ sickening,anger|disgust|fear|sadness
JJ departed,sadness
JJ elder,trust
NN trash,disgust|sadness
VB sympathize,sadness
NN continuation,anticipation
JJ displeased,anger|disgust|fear|sadness
NN shoddy,anger|disgust
NN tactics,fear|trust
JJ faithless,sadness
NN asshole,anger|disgust
VB ready,anticipation
VB forming,anticipation
VB departed,sadness
NN hap,anticipation|surprise
VB mail,anticipation
NN excitation,anger|anticipation|fear|joy|surprise
NN violation,anger|fear|sadness|surprise
NN smile,joy|surprise|trust
NN opium,anger|disgust|fear|sadness
NN suspense,anticipation|fear|surprise
NN serve,trust
NN hag,disgust|fear
VB rising,anticipation|joy
JJ egotistical,disgust
NN reliance,trust
VB revive,anticipation
VB damages,sadness
NN salute,joy
NN admonition,fear
VB splitting,sadness
NN tirade,anger|disgust
NN betrothed,anticipation|joy|trust
NN vermin,anger|disgust|fear
JJ inhuman,anger|disgust|fear|sadness
NN scaffold,fear
VB alien,disgust|fear
VB bait,fear|trust
NN spasm,fear
JJ remarkable,joy|surprise|trust
NN perversion,anger|disgust|sadness
NN provocation,anger
JJ feeble,sadness
VB foreboding,anticipation|fear
NN diatribe,anger|disgust
JJ united,trust
NN affliction,disgust|fear|sadness
VB remains,disgust|fear|trust
VB suspect,fear
JJ opportune,joy
JJ adverse,anger|disgust|fear|sadness
JJ squeamish,disgust|fear
NN scholarship,joy
VB crowning,anticipation|joy|surprise|trust
NN surprise,fear|joy|surprise
NN repudiation,anger|disgust
JJ woeful,sadness
VB fainting,fear|sadness|surprise
NN failure,disgust|fear|sadness
JJ legal,trust
NN murderer,anger|disgust|fear|sadness
JJ riotous,anger|fear|surprise
NN abortion,disgust|fear|sadness
NN whirlpool,fear
VB chant,anger|anticipation|joy|surprise
VB hankering,anticipation
NN tramp,disgust|fear|sadness
NN mainstay,trust
VB eradicate,anger
NN lodging,trust
NN immunization,trust
JJ fruitless,sadness
NN spank,anger|fear|sadness
JJ frisky,anticipation|joy|surprise
NN pollution,disgust
VB campaigning,anger|fear
JJ darkened,fear|sadness
NN sundial,anticipation|trust
NN fell,sadness
VB receiving,anticipation|joy|surprise
VB forsaken,anger|sadness
NN retrenchment,fear
NN stranger,fear
VB loathe,anger|disgust
VB resisting,anger|fear|sadness
JJ elated,joy
JJ combative,anger|fear
NN ensemble,trust
VB offend,anger|disgust
JJ grimy,disgust
RB blindly,sadness
JJ tough,sadness
JJ shoddy,anger|disgust
VB despairing,fear|sadness
NN servant,trust
VB authenticate,trust
VB shepherd,trust
VB triumph,anticipation|joy
VB decry,anger
JJ unequivocal,trust
VB baby,joy
VB coexist,trust
VB grieve,fear|sadness
NN spouse,joy|trust
NN captivity,sadness
JJ powerless,anger|disgust|fear|sadness
NN credence,trust
JJ mighty,anger|fear|joy|trust
VB uncover,surprise
NN grope,anger|disgust|fear
VB tariff,anger|disgust
JJ antagonistic,anger|disgust
JJ fat,disgust|sadness
JJ inseparable,joy|trust
NN criminal,anger|disgust|fear
NN conspirator,anger|anticipation|disgust|fear
NN obituary,sadness
JJ routine,trust
NN biopsy,fear
VB respects,trust
VB retract,anger
JJ homicidal,anger|fear
JJ wan,fear|sadness
JJ convincing,trust
NN organization,anticipation|joy|surprise|trust
VB perish,fear|sadness
NN avoidance,fear
NN chirp,joy
VB sneak,anger|fear|surprise
NN tomb,sadness
NN slip,surprise
JJ inadmissible,anger|disgust
JJ occult,disgust|fear
VB pirate,anger
VB throttle,anger
NN gift,anticipation|joy|surprise
NN director,trust
NN birth,anticipation|fear|joy|trust
JJ projectile,fear
JJ real,trust
VB glorify,anticipation|joy|surprise|trust
NN specialist,trust
JJ defiant,anger
VB enlighten,joy|trust
VB cube,trust
NN bounty,anticipation|joy|trust
VB cashier,trust
NN coincidence,surprise
VB weight,anticipation|disgust|fear|joy|sadness|surprise|trust
VB bickering,anger|disgust
NN hopelessness,anger|disgust|fear|sadness
JJ suspect,fear
NN gross,disgust
VB general,trust
VB bleeding,disgust|fear|sadness
VB defeated,sadness
NN hurry,anticipation
NN standoff,anger|fear
JJ celebrated,anticipation|joy
JJ impatient,anticipation
NN reliability,trust
NN clean,joy|trust
JJ sham,anger|disgust
VB wring,anger
JJ protecting,trust
NN defendant,anger|fear|sadness
NN garrison,trust
NN imprisonment,anger|disgust|fear|sadness
VB entertained,joy
JJ noxious,disgust|fear
VB sponsor,trust
NN hermit,sadness|trust
JJ ominous,anticipation|fear
JJ dislocated,anger|disgust|fear|sadness
VB sneer,anger|disgust
VB usher,trust
NN spanking,anger
JJ inconsiderate,anger|disgust|sadness
NN toad,disgust
NN constitutional,trust
VB garden,joy
VB rekindle,anticipation|fear|joy|surprise
NN suppression,anger|disgust|fear
JJ clashing,anger|fear
JJ disfigured,anger|disgust|fear|sadness
NN chaplain,trust
JJ shot,anger|fear|sadness|surprise
JJ lunatic,anger|disgust|fear
NN illness,fear|sadness
VB overthrow,anticipation|fear
NN verdict,fear
NN antidote,anticipation|trust
JJ bestial,disgust|fear
NN miscarriage,fear|sadness
JJ kindred,anticipation|joy|trust
NN sortie,fear
NN justice,trust
JJ unfulfilled,anger|anticipation|sadness|surprise
VB blockade,anger|fear|sadness
JJ heartless,sadness
NN chairman,trust
NN mandamus,fear
RB sadly,sadness
VB distorted,disgust
NN theft,anger|disgust|fear|sadness
NN possibility,anticipation
NN refugee,sadness
VB accelerate,anticipation
VB secluded,sadness
RB unintentionally,surprise
NN deacon,trust
NN maggot,disgust
NN inferno,anger|fear
JJ privileged,joy|trust
JJ savage,anger|fear
JJ favorable,anticipation|joy|surprise|trust
NN slap,anger|surprise
VB misconduct,disgust
JJ harmful,anger|disgust|fear|sadness
NN slam,anger|fear|surprise
NN pervert,anger|disgust
VB waffle,anger|sadness
NN errand,anticipation|trust
VB greeting,surprise
NN riddle,surprise
VB abolish,anger
NN blessing,anticipation|joy|trust
NN nursery,joy|trust
VB decoy,surprise
NN child,anticipation|joy
NN crouch,fear
VB break,surprise
NN dissident,anger|fear
VB disconnected,sadness
NN loudness,anger
VB leeches,disgust|fear
NN anticipation,anticipation
NN margin,sadness
NN jail,fear|sadness
NN hut,sadness
VB disrespect,anger
JJ putative,trust
VB clashing,anger|fear
JJ injured,fear|sadness
JJ surprising,surprise
JJ commemorative,anticipation
NN vengeance,anger
JJ misleading,anger|disgust
JJ disgruntled,anger|disgust|sadness
JJ horrific,anger|disgust|fear|sadness
NN mutiny,anger|disgust|fear|surprise
NN coercion,anger|disgust|fear|sadness
NN utopian,anticipation|joy|trust
JJ broken,anger|fear|sadness
NN hug,joy|trust
JJ sickly,disgust|sadness
JJ unwavering,trust
NN reprimand,anger
NN outpost,fear
NN facts,trust
VB placard,surprise
VB cover,trust
NN pain,fear|sadness
NN sentry,trust
VB rupture,fear|sadness|surprise
NN alcoholism,anger|disgust|fear|sadness
VB teeming,disgust
JJ leery,surprise
NN barbarian,fear
VB coexisting,trust
VB menacing,anger|fear
NN funk,sadness
NN infliction,fear|sadness
NN squall,fear|sadness
VB parade,anticipation|fear|joy|surprise
JJ hardy,joy|trust
NN bias,anger
VB annoy,anger|disgust
NN funeral,sadness
NN daughter,joy
JJ sordid,anger|disgust|fear|sadness
NN ill,anger|disgust|fear|sadness
NN thanksgiving,joy
VB achieve,joy|trust
NN truthfulness,trust
VB subscribe,anticipation
NN restitution,anger
NN diversion,surprise
JJ excited,anticipation|joy|surprise|trust
NN inspiration,anticipation|joy
NN cruelty,anger|disgust|fear|sadness
VB soothing,joy|trust
NN connective,trust
VB pig,disgust
NN mistress,anger|disgust
JJ immaculate,joy|trust
JJ uncanny,fear|surprise
VB sharpen,anger|anticipation
VB marry,anticipation|fear|joy|surprise|trust
JJ creditable,trust
NN coronation,joy|trust
NN fury,anger|fear|sadness
NN godsend,joy|surprise
JJ steady,surprise|trust
NN ire,anger
VB stroke,fear|sadness
VB massacre,anger|disgust|fear|sadness
JJ opponent,anger|anticipation|disgust|fear
NN consul,trust
NN carelessness,anger|disgust
NN dole,sadness
VB blossom,joy
NN doll,joy
VB team,trust
NN reconsideration,trust
JJ chronic,sadness
NN bier,fear|sadness
NN recreation,anticipation|joy
VB proven,trust
VB pop,surprise
VB obliterated,anger|fear
JJ horrid,anger|disgust|fear|sadness
NN stools,disgust
NN exacerbation,anger|fear
VB wrecked,anger|fear|sadness
NN favorite,joy|trust
JJ inappropriate,anger|disgust|sadness
JJ pompous,disgust
VB forecast,anticipation|trust
NN inattention,anger
RB presto,joy|surprise
VB pith,trust
VB blight,disgust|fear|sadness
NN nation,trust
VB pity,sadness
JJ prejudiced,disgust|fear
NN fondness,joy
JJ satisfied,joy
VB losing,anger|sadness
VB despise,anger|disgust
VB account,trust
NN fuse,trust
VB dealings,trust
JJ thirteenth,fear
NN fuss,anger|sadness
NN pang,surprise
JJ credible,trust
VB deplore,anger|disgust|sadness
NN constable,trust
JJ limited,anger|sadness
NN delight,anticipation|joy
NN playground,anticipation|joy|surprise|trust
JJ admissible,trust
VB excel,anticipation|joy|surprise|trust
VB forgiving,trust
NN dragon,fear
NN surge,surprise
NN loyalty,trust
JJ magical,anticipation|joy|surprise
NN roulette,anticipation
NN leader,trust
NN elite,anticipation|joy|trust
NN atherosclerosis,fear|sadness
VB pry,anger|anticipation|trust
NN hypertrophy,disgust|fear|surprise
VB haze,fear
VB hooded,fear
JJ dispassionate,sadness
NN anger,anger
NN angel,anticipation|joy|surprise|trust
VB injured,fear|sadness
VB smash,anger|fear
VB pretending,anger
JJ justifiable,trust
VB erase,fear
NN neurosis,fear|sadness
NN loathing,disgust
NN incline,trust
VB squirm,disgust
NN horrors,fear|sadness
NN growl,anger|fear
NN mirth,joy
NN wrath,anger|fear
NN fermentation,anticipation
VB hawk,fear
NN sublimation,joy
VB excruciating,fear
JJ garish,disgust|surprise
JJ important,trust
NN insecurity,fear
RB weakly,fear|sadness
VB blaze,anger
NN steady,surprise|trust
NN partnership,trust
RB painfully,sadness
VB toast,joy
VB save,joy|trust
NN clan,trust
JJ defeated,sadness
NN arson,anger|fear
JJ bloodthirsty,anger|disgust|fear
NN clap,anticipation|joy|trust
NN disaster,anger|disgust|fear|sadness|surprise
VB pine,sadness
VB nullify,surprise
NN claw,anger|fear
NN cadaver,disgust|fear|sadness|surprise
NN calamity,sadness
NN heavens,joy|trust
NN flange,trust
JJ menacing,anger|fear
VB institute,trust
JJ intestinal,disgust
NN prey,fear
JJ fearful,fear|sadness
VB underpaid,anger|sadness
NN inflation,fear
NN measure,trust
NN pact,trust
NN fireman,trust
JJ unlawful,anger|disgust|fear|sadness
NN sufferer,fear|sadness
RB harmoniously,joy|trust
VB taint,sadness
NN officer,trust
NN bickering,anger|disgust
NN dermatologist,trust
JJ shameful,sadness
JJ honest,anger|disgust|fear|joy|sadness|trust
JJ overt,fear
JJ opinionated,anger
JJ thoughtful,trust
NN fatty,disgust|sadness
NN excavation,anticipation|surprise
NN bonanza,joy
VB hurting,anger|fear|sadness
JJ fancy,anticipation|joy
VB gore,anger|disgust|fear|sadness
JJ quaint,joy|trust
JJ statistical,trust
VB embrace,anticipation|joy|surprise|trust
VB flop,disgust|sadness
VB hate,anger|disgust|fear|sadness
VB parrot,disgust
NN escape,anticipation|fear
VB flog,anger|disgust|fear|sadness
JJ busted,anger|fear
NN therapeutic,joy|trust
VB harm,fear
NN morgue,disgust|fear|sadness
NN lovemaking,joy|trust
JJ meritorious,joy|trust
NN hearing,fear
NN mire,disgust
NN hedonism,joy
VB twinkle,anticipation|joy
VB enjoying,anticipation|joy|trust
NN alienation,anger|disgust|fear|sadness
NN clue,anticipation
NN garbage,disgust
NN neutral,anticipation|trust
NN deluge,fear|sadness|surprise
NN delay,anger|disgust|fear|sadness
VB cement,anticipation|trust
NN oppressor,anger|fear|sadness
NN malpractice,anger
JJ bleak,sadness
VB reprimand,anger
NN leaning,trust
VB rook,anger|disgust
JJ irritating,anger|disgust
NN draft,anticipation
NN attenuation,sadness
VB forewarned,anticipation|fear
NN mite,disgust
NN ooze,disgust
VB romp,joy
VB injure,anger|fear|sadness
NN jackpot,anticipation|joy|surprise
NN neighbor,anticipation|trust
JJ lucky,joy|surprise
NN pique,anger
JJ champion,anticipation|joy|trust
JJ defamatory,anger
NN grating,anger|disgust
NN liking,joy|trust
NN commandant,trust
VB threatening,anger|disgust|fear
NN malaise,sadness
NN adversary,anger
VB withered,disgust
NN murder,anger|disgust|fear|sadness|surprise
NN fluke,surprise
NN polemic,anger|disgust
JJ worse,fear|sadness
JJ laxative,disgust|fear
NN laurels,joy
NN surround,anticipation
VB cringe,disgust|fear|sadness
NN treason,anger|disgust|fear|surprise
NN feat,anticipation|joy|surprise
NN fear,anger|fear
JJ disused,anger
NN reparation,trust
JJ vesicular,disgust
VB throne,trust
NN regent,trust
JJ lush,disgust|sadness
VB fleece,anger|disgust|sadness
JJ penal,fear|sadness
JJ monetary,anticipation
RB quiet,sadness
JJ level,trust
NN deference,trust
NN backer,trust
NN stomach,disgust
NN homicide,anger|disgust|fear|sadness
NN sickness,disgust|fear|sadness
VB syringe,fear
VB cuckold,disgust
JJ sick,disgust|sadness
NN wrangling,anger|disgust|fear|sadness
VB chaff,anger|fear
JJ daily,anticipation
RB terribly,sadness
NN jab,anger
VB guillotine,anger|anticipation|disgust|fear|sadness
NN endeavor,anticipation
NN horde,surprise
NN fault,sadness
NN skid,anger|fear|sadness
NN retaliation,anger|fear
VB welcomed,joy
VB champion,anticipation|joy|trust
NN confidence,fear|joy|trust
JJ unhappy,anger|disgust|sadness
VB companion,joy|trust
VB parachute,fear
JJ wanting,sadness
NN rotting,disgust
JJ associate,trust
NN samurai,fear
NN barricade,fear
NN hurrah,joy
NN award,anticipation|joy|surprise|trust
NN alarm,fear|surprise
JJ dietary,anticipation
NN torpedo,anger
NN bitch,anger|disgust|fear|sadness
JJ jubilant,joy|surprise|trust
JJ wasted,anger|disgust
VB flee,fear
JJ superstitious,anticipation|fear
VB fled,fear
NN doom,fear
VB hail,trust
RB singularly,surprise
NN bereaved,sadness
NN incubus,disgust|fear
NN compost,disgust
VB pay,anticipation|joy|trust
NN mill,anticipation
NN banker,trust
VB coffin,fear|sadness
NN aftermath,anger|disgust|fear|sadness
NN bile,anger|disgust
JJ forfeit,anger|sadness
VB smack,anger
NN incompetent,anger|sadness
NN store,anticipation
NN verge,anticipation|fear
NN generosity,anticipation|joy|surprise|trust
NN talons,anger|fear
NN storm,anger
NN timidity,anticipation|fear
JJ agonizing,fear
NN brotherhood,trust
JJ servile,disgust|fear|sadness
VB wages,joy
NN instruction,trust
NN abuse,anger|disgust|fear|sadness
NN mobile,anticipation
NN apathy,sadness
NN cosmopolitan,trust
NN humbug,anger|disgust|sadness
JJ firstborn,anticipation|joy|trust
VB plight,anticipation|disgust|fear|sadness
NN spider,disgust|fear
JJ pernicious,anger|fear|sadness
VB flaw,sadness
VB promise,joy|trust
VB glimmer,anticipation|joy|surprise
VB dashed,anger|fear|sadness
NN asymmetry,disgust
NN recession,anger|disgust|fear|sadness
NN spirits,anticipation|joy|surprise
NN humanitarian,anticipation|joy|surprise|trust
JJ fraudulent,anger|disgust
JJ insidious,anger|disgust|fear
JJ candid,anticipation|joy|surprise|trust
VB boomerang,anticipation|trust
NN anchorage,sadness
NN apache,fear
NN mercenary,fear
NN despair,anger|disgust|fear|sadness
NN digit,trust
NN sanctuary,anticipation|joy|trust
JJ soothing,joy|trust
VB create,joy
NN depravity,anger|disgust
VB auction,anticipation
NN sterling,anger|anticipation|joy|trust
NN defamation,disgust|fear
VB prank,surprise
NN destination,anticipation|fear|joy|sadness|surprise
JJ deadly,anger|disgust|fear|sadness
NN hunting,anger|anticipation|fear
NN pawn,trust
JJ therapeutic,joy|trust
JJ unwelcome,sadness
NN stone,anger
JJ urgent,anticipation|fear|surprise
NN dove,anticipation|joy|trust
VB explain,trust
VB lynch,anger|disgust|fear|sadness
VB winning,anticipation|disgust|joy|sadness|surprise|trust
JJ congratulatory,joy
JJ skewed,anger|anticipation
VB grumble,anger|disgust
NN mistrust,disgust|fear
NN lovely,anticipation|joy|sadness|surprise|trust
NN dame,anger|disgust|trust
JJ repellent,anger|disgust|fear
NN truck,trust
JJ deformed,disgust|sadness
VB outdo,anticipation
NN truce,joy|trust
NN damn,anger|disgust
NN witchcraft,anger|fear|sadness
NN detonation,anger
JJ unhealthy,disgust|fear|sadness
NN prosecution,disgust
NN gloom,sadness
VB praise,joy|trust
JJ unpublished,anticipation|sadness
VB betrothed,anticipation|joy|trust
JJ alive,anticipation|joy|trust
VB overbearing,anger
JJ adrift,anticipation|fear|sadness
NN upheaval,anger|fear|sadness
NN upright,trust
NN sorrow,fear|sadness
NN lick,disgust
NN perpetrator,anger|disgust|fear|sadness
JJ steadfast,trust
NN horse,trust
NN taboo,disgust|fear
JJ contingent,anticipation
JJ honorable,trust
VB complement,anticipation|joy|surprise|trust
NN conflict,anger|fear|sadness
NN insanity,anger|disgust|fear|sadness
JJ unholy,fear
NN delicious,joy
JJ sappy,trust
VB swamp,disgust|fear
JJ dictatorial,anger
VB quicken,anticipation
NN coma,fear|sadness
NN purr,joy|trust
NN fee,anger
NN awkwardness,disgust
JJ rejoicing,anticipation|joy|surprise
NN rarity,surprise
NN approbation,trust
VB sob,sadness
NN father,trust
NN threat,anger|fear
JJ unjust,anger
NN reporter,trust
NN intimate,anticipation|joy|trust
JJ stable,trust
RB slap,anger|surprise
JJ unpopular,disgust|sadness
NN virtue,trust
JJ ready,anticipation
NN correctness,trust
NN progress,anticipation|joy
NN goblin,disgust|fear
JJ prognostic,anticipation
NN serenity,anticipation|joy|trust
VB compass,trust
JJ attentive,trust
VB discipline,fear
JJ drugged,sadness
JJ cross,anger|fear|sadness
NN intolerance,anger|disgust|fear
NN default,disgust|fear|sadness
VB heft,anticipation|fear
NN hankering,anticipation
JJ treacherous,anger|disgust|fear
RB raving,anger|anticipation|fear|joy|surprise
NN guilt,disgust|sadness
NN coop,anger|disgust
VB seek,anticipation
VB armed,anger|fear
NN respite,joy|trust
NN veracity,anticipation|joy|surprise|trust
NN poaching,anger|disgust|fear|sadness
NN zany,surprise
NN glory,anticipation|joy|trust
VB sun,anticipation|joy|surprise|trust
NN misstatement,anger|disgust
VB modify,surprise
JJ conglomerate,trust
NN attorney,anger|fear|trust
VB detest,anger|disgust
VB sue,anger|sadness
NN gallows,anger|fear|sadness
JJ presumptuous,anger|disgust
NN harbinger,anger|anticipation|fear
VB ordained,trust
NN friendly,anticipation|joy|trust
VB devil,anger|anticipation|disgust|fear|sadness
JJ laughable,disgust
NN blob,disgust|fear
JJ abrupt,surprise
NN constipation,disgust
RB powerfully,fear
JJ insolvent,fear|sadness|trust
VB retain,trust
JJ distorted,disgust
NN dare,anticipation|trust
NN follower,trust
NN dark,sadness
NN fib,anger
NN dart,fear
JJ oppressive,anger|disgust|fear|sadness
NN attendance,anticipation
NN attack,anger|fear
NN revulsion,anger|disgust|fear
NN creeping,anticipation
NN filth,disgust
VB perceive,trust
NN dignity,trust
JJ humble,disgust|sadness
NN posse,fear
JJ undisclosed,anticipation
JJ accurate,trust
NN incarceration,anger|disgust|fear|sadness
VB seal,trust
JJ obscene,disgust
NN squelch,anger|disgust
VB thrilling,anticipation|joy|surprise
JJ villainous,anger|disgust|fear
VB disabled,fear|sadness
NN formality,trust
JJ sweetheart,anticipation|joy|sadness|trust
NN resentment,anger|disgust|sadness
VB chronicle,trust
JJ lovely,anticipation|joy|sadness|surprise|trust
JJ corrupting,anger|disgust|fear|sadness
VB swarm,disgust
NN employ,trust
NN ultimate,anticipation|sadness
NN compress,anger
VB slash,anger
NN coax,trust
VB fancy,anticipation|joy
JJ loath,anger
VB heal,joy|trust
VB doomed,fear|sadness
NN stillness,fear|sadness
VB betray,anger|disgust|sadness|surprise
VB slave,anger|fear|sadness
NN falsity,disgust
NN subsidy,anger|disgust
NN quandary,anger|fear
VB clown,anticipation|joy|surprise
NN puke,disgust
NN toothache,fear
NN ambition,anticipation|joy|trust
VB sting,anger|fear
VB guard,fear|trust
NN depreciation,fear
VB tender,joy|trust
NN smuggler,anger|disgust|fear
NN executor,trust
VB purify,joy|trust
VB consult,trust
VB stink,disgust
JJ regent,trust
NN bastion,anger
VB expected,anticipation
VB stint,fear|sadness
NN journeyman,trust
VB attacking,anger|disgust|fear|sadness|surprise
VB crescendo,anticipation|joy|surprise|trust
NN wisdom,trust
JJ withered,disgust
VB bug,disgust|fear
VB machine,trust
VB bum,disgust|sadness
JJ inoperative,anger
VB coalesce,trust
JJ freakish,disgust|fear|surprise
JJ pandemic,fear|sadness
NN rational,trust
VB disturbed,anger|sadness
VB legalized,anger|fear|joy|trust
NN iniquity,disgust
JJ overpowering,anger|fear
NN puma,fear|surprise
NN commerce,trust
NN solidarity,trust
NN inmate,disgust|fear
NN smiling,joy
NN guide,trust
VB whore,disgust
VB parole,anticipation
VB frown,sadness
NN dismissal,anger|disgust|fear|sadness|surprise
VB constrain,fear
VB harry,anger|sadness
JJ brute,anger|fear|sadness
NN toughness,anger|fear|trust
RB unexpectedly,surprise
VB approaching,anticipation
NN collaborator,trust
NN militia,anger|fear|sadness
NN voucher,trust
NN segregate,anger|disgust|sadness
VB gawk,surprise
VB title,trust
NN fat,disgust|sadness
NN chimera,fear|surprise
NN experiment,anticipation|surprise
NN delinquent,anger|disgust
VB umpire,trust
NN synod,trust
JJ meek,sadness
NN carcinoma,fear|sadness
NN punt,anticipation
NN subsidence,sadness
NN smut,disgust|fear
JJ prejudicial,anger
NN profanity,anger
JJ misguided,disgust
NN intruder,anger|fear|surprise
VB planning,anticipation|trust
NN lemon,disgust
NN wan,fear|sadness
VB forgotten,fear|sadness
NN liar,disgust
VB rave,anger|disgust|joy|surprise|trust
NN war,fear
VB grime,disgust
VB foul,anger|disgust|fear
NN truss,trust
JJ incredulous,anger|disgust
VB demand,anger
VB flinch,anticipation|disgust|fear|sadness|surprise
JJ ongoing,anticipation
NN crypt,fear|sadness
JJ tantalizing,anticipation|joy|surprise
JJ somber,sadness
NN trust,trust
NN content,joy|trust
NN clamor,anger|anticipation|disgust|surprise
VB sag,fear
NN invitation,anticipation
VB sap,sadness
NN colonel,trust
JJ frenzied,anger|fear
NN communion,joy|trust
NN purification,trust
NN nuisance,anger
VB retard,disgust|fear|sadness
JJ happy,anticipation|joy|trust
JJ powerful,anger|anticipation|disgust|fear|joy|trust
NN salary,anticipation|joy|trust
NN indemnity,trust
VB frolic,joy
VB barricade,fear
NN authenticity,trust
VB glaring,anger
NN hobby,joy
NN reinforcement,trust
VB gasp,surprise
VB entrust,trust
VB gash,fear
VB fort,trust
VB gate,trust
NN cancer,anger|disgust|fear|sadness
JJ incompetent,anger|sadness
NN massage,joy
NN addresses,anticipation
NN companion,joy|trust
NN fun,anticipation|joy
NN cancel,sadness
NN treasurer,trust
NN professional,trust
NN recruits,trust
JJ disheartened,sadness
NN melancholic,sadness
NN authorization,trust
NN quarantine,fear
NN parish,trust
VB dike,fear
VB sex,anticipation|joy|trust
VB bayonet,anger|fear
JJ devastating,anger|disgust|fear|sadness|trust
VB banquet,anticipation|joy
VB underwrite,trust
NN fidelity,joy|trust
NN mortgage,fear
NN stable,trust
VB mother,anticipation|joy|sadness|trust
NN intrusion,fear
NN scold,anger|disgust|fear|sadness
NN phony,anger|disgust
NN consecration,anticipation|joy|sadness|trust
VB gape,surprise
NN rogue,disgust
VB dispose,disgust
VB fool,disgust
VB slaughter,anger|disgust|fear|sadness|surprise
VB certify,trust
VB compact,trust
JJ found,joy|trust
VB rape,anger|disgust|fear|sadness
NN hesitation,fear
VB evade,anger|disgust|fear
JJ spotless,trust
VB handicap,sadness
NN leading,trust
VB libel,anger|fear|trust
NN evil,anger|disgust|fear|sadness
NN discontent,anger|disgust|fear|sadness
JJ glaring,anger
NN trump,surprise
VB fasting,sadness
VB blunder,disgust|sadness
NN barrier,anger
NN gambler,anticipation|surprise
NN noose,sadness
JJ splitting,sadness
NN fortune,anticipation|joy|surprise|trust
NN distaste,disgust
VB hurt,anger|fear|sadness
NN plague,disgust|fear|sadness
VB grow,anticipation|joy|trust
VB gang,anger|fear
NN incest,anger|disgust|fear|sadness
VB annoying,anger
JJ sneak,anger|fear|surprise
VB ridicule,anger|disgust|sadness
NN incident,surprise
VB explode,anger|fear|sadness|surprise
JJ hot,anger
NN university,anticipation
NN nose,disgust
VB intrigue,anticipation|fear|surprise
NN slander,anger|disgust
VB regiment,fear
NN oath,trust
NN wild,surprise
NN probability,anticipation
VB sin,anger|disgust|fear|sadness
NN snag,surprise
NN restlessness,anticipation
VB hemorrhage,disgust|fear|sadness
NN discretion,anticipation|trust
VB gall,anger|disgust
VB mangle,anger|disgust|fear|sadness
NN foe,anger|fear
NN reinforcements,trust
JJ tyrannical,anger|disgust|fear
NN divination,anticipation
JJ accursed,anger|fear|sadness
NN perfect,anticipation|joy|trust
NN dawn,anticipation|joy|surprise|trust
VB punch,anger|fear|sadness|surprise
JJ lusty,disgust
NN lion,fear
NN cove,anticipation|disgust|fear|joy
NN wop,anger
JJ late,sadness
JJ stifled,anger|fear|sadness
NN coup,anger|surprise
NN woe,disgust|fear|sadness
NN scoff,anger|disgust
JJ secular,anticipation
VB beg,sadness
VB sunk,disgust|fear|sadness
NN latrines,disgust
JJ convinced,trust
JJ insurmountable,fear|sadness
VB owing,anger|anticipation|disgust|fear|sadness|trust
VB rail,anger|anticipation
JJ demented,fear
JJ wonderful,joy|surprise|trust
NN wimp,disgust|fear
JJ vivid,joy
JJ unsurpassed,anticipation|fear|joy|trust
VB trembling,fear
NN tumor,fear
NN flu,fear
VB hanging,anger|disgust|fear|sadness
NN adultery,disgust|sadness
NN cremation,sadness
NN supremacy,anger|anticipation|fear|joy|surprise|trust
NN instability,disgust|fear
VB reject,anger|fear|sadness
NN sabotage,anger|disgust|fear|sadness|surprise
NN blue,sadness
NN heroic,joy|surprise|trust
NN authentication,trust
VB voyage,anticipation
VB raid,anger|fear|surprise
VB excluded,disgust|sadness
JJ excruciating,fear
NN designation,trust
VB contradict,anger
JJ heroic,joy|surprise|trust
NN tyrant,anger|disgust|fear|sadness
JJ outcast,disgust|fear|sadness
VB gain,anticipation|joy
NN communism,anger|fear|sadness
VB rags,disgust
VB assassinate,anger|fear
VB grit,trust
NN closeness,joy|trust
NN madman,anger|fear
NN anarchy,anger|fear
VB hulk,disgust
VB rage,anger
NN lagging,anger|anticipation|disgust|sadness
VB grin,anticipation|joy|surprise|trust
NN budget,trust
VB bless,anticipation|joy|trust
VB barter,trust
JJ wary,fear
VB beach,joy
JJ flaccid,sadness
VB poison,anger|disgust|fear|sadness
NN furnace,anger
VB gage,trust
JJ monochrome,disgust
NN whiteness,joy
NN faithful,trust
JJ broadside,anticipation
NN thumping,fear
NN stealth,surprise
NN apprentice,trust
JJ inexcusable,anger|disgust|sadness
NN sunset,anticipation
VB bombed,disgust
VB armor,fear|trust
NN falsehood,anger|trust
JJ pathetic,disgust|sadness
VB plan,anticipation
NN mouth,surprise
NN pedigree,trust
NN bankrupt,fear|sadness
NN dictum,trust
NN airs,disgust
JJ unattainable,anger|sadness
JJ sunset,anticipation
VB badge,trust
NN cocaine,sadness
VB afflict,fear|sadness
NN horror,anger|disgust|fear|sadness|surprise
NN nightmare,fear
VB rot,disgust|fear|sadness
VB elbow,anger
VB endangered,fear
VB meddle,anger
VB row,anger
NN marvel,surprise
NN covenant,trust
NN risk,anticipation|fear
NN slut,anger|disgust
VB rob,anger|disgust|fear|sadness
VB disregarded,disgust
JJ young,anticipation|joy|surprise
VB rack,sadness
JJ antisocial,anger|disgust|fear|sadness
NN misconception,anger|disgust|fear
NN slum,disgust
NN navigator,anticipation|trust
NN slur,anger|disgust|sadness
NN contamination,disgust
RB fully,trust
NN frailty,sadness
JJ secret,trust
JJ disreputable,anger|disgust|fear
NN slug,disgust
VB battered,fear|sadness
VB conceal,sadness
JJ perennial,trust
JJ thrilling,anticipation|joy|surprise
NN veal,sadness|trust
VB weeping,sadness
JJ depressing,disgust|sadness
VB crazed,anger|fear
NN treat,anger|anticipation|disgust|fear|joy|sadness|surprise|trust
JJ chaotic,anger
JJ stillborn,sadness
NN speck,disgust
NN marshal,trust
NN mausoleum,sadness
VB complicate,anger
VB knell,fear|sadness
JJ weighty,fear
NN scientist,anticipation|trust
VB huff,anger|disgust
NN revoke,anger|disgust|fear|sadness
JJ cheerful,joy|surprise
NN monster,fear
VB mutilated,disgust
NN bugle,anticipation
VB mildew,disgust
NN sarcasm,anger|disgust|sadness
VB prostitute,disgust
NN indenture,anger
RB scarcely,sadness
NN firmness,trust
VB tackle,anger|surprise
RB stealthily,surprise
JJ pained,fear|sadness
NN cardiomyopathy,fear|sadness
NN arbitrator,trust
NN spear,anger|anticipation|fear
NN encyclopedia,trust
JJ blessed,joy
NN abundance,anticipation|disgust|joy|trust
VB nest,trust
JJ recalcitrant,anger|disgust
VB grab,anger
NN labor,anticipation|joy|surprise|trust
VB level,trust
VB deteriorated,disgust|sadness
VB mutter,anger
JJ atrocious,anger|disgust
VB gray,disgust|sadness
JJ respectful,trust
NN grizzly,fear
NN resultant,anticipation
NN congress,disgust|trust
JJ fain,anticipation|joy|trust
NN blindness,sadness
NN laureate,trust
VB guarded,trust
VB clock,anticipation
JJ transitional,anticipation
NN jungle,fear
NN cannibal,disgust|fear
JJ litigious,anger|disgust
JJ harrowing,fear
NN sobriety,trust
VB intoxicated,disgust
NN pestilence,disgust|fear
JJ restrained,fear
NN eagerness,anticipation|joy|trust
JJ tributary,anticipation
NN jaundice,fear
JJ secluded,sadness
NN destruction,anger
NN plunder,anger|disgust|fear|sadness|surprise
NN politics,anger
NN wireless,anger|anticipation|surprise
JJ blanket,trust
NN reward,anticipation|joy|surprise|trust
JJ horrible,anger|disgust|fear
NN ineptitude,disgust|fear|sadness
RB dreadfully,disgust|fear|sadness|surprise
VB rebel,anger|fear
NN expectancy,anticipation
NN starvation,fear|sadness
NN effigy,anger
NN laser,trust
NN gag,disgust
JJ completing,anticipation|joy
VB mistrust,disgust|fear
NN penance,fear|sadness
NN nettle,anger|disgust
NN viper,fear
NN senate,trust
NN believing,trust
NN psychosis,anger|fear|sadness
JJ unlucky,anger|disgust|fear|sadness
JJ marvelous,joy
JJ morbid,sadness
JJ darling,joy|trust
JJ pensive,sadness
RB wonderfully,joy|surprise
VB annihilated,anger|fear|sadness
NN revolution,anger|anticipation|fear|sadness|surprise
VB intended,anticipation
JJ crippled,sadness
JJ endemic,disgust|fear|sadness
NN saint,anticipation|joy|surprise|trust
VB delegate,trust
JJ reproductive,joy
NN desolation,fear|sadness
NN slop,disgust
JJ unconscionable,disgust
JJ unmanageable,disgust
NN commodore,trust
JJ revolting,anger|disgust|fear
JJ crazed,anger|fear
NN biennial,anticipation
VB engulf,anticipation
JJ butcher,anger|disgust|fear
VB gasping,fear
VB explore,anticipation
VB yell,anger|fear|surprise
NN automatic,trust
VB menace,anger|fear
NN swine,disgust
VB yelp,anger|fear|surprise
JJ misrepresented,anger
JJ disingenuous,disgust
JJ melancholic,sadness
VB rue,sadness
VB pleased,joy
VB deceive,anger|disgust|sadness
NN riot,anger|fear
NN demon,anger|disgust|fear|sadness
NN jaws,fear
JJ compact,trust
NN slime,disgust
RB steady,surprise|trust
VB callous,anger|disgust
NN physicist,trust
JJ vehement,anger|fear
JJ ruinous,anger|disgust|fear|sadness
NN annihilation,anger|fear|sadness
NN gem,joy
VB shell,anger|fear|sadness|surprise
NN eminence,trust
NN caution,anger|anticipation|fear
NN revolt,anger|surprise
NN uneasiness,anticipation|sadness
JJ inimical,anger|sadness
JJ murderous,anger|disgust|fear|sadness|surprise
VB misguided,disgust
NN translation,trust
NN snort,sadness
NN success,anticipation|joy
NN kennel,sadness
NN flesh,disgust
NN hunter,anticipation|fear|sadness
NN helmet,fear
NN rifle,anger|fear
JJ precarious,anticipation|fear|sadness
JJ guilty,anger|sadness
JJ unjustifiable,anger|disgust|fear
VB surrendering,sadness
NN insult,anger|disgust|sadness|surprise
NN esteem,joy|sadness|trust
NN uprising,anger|anticipation|fear
JJ bastard,disgust|sadness
NN graduation,anticipation|fear|joy|surprise|trust
NN quote,anticipation|surprise
NN traitor,anger|disgust|fear|sadness
NN score,anticipation|joy|surprise
NN broil,anger
VB blues,fear|sadness
JJ respectable,trust
NN landmark,trust
VB credit,trust
NN scorn,anger
VB weeds,sadness
NN label,trust
VB revolting,anger|disgust|fear
NN matrimony,anticipation|joy|trust
NN poisoning,disgust
NN haggard,sadness
JJ suspicious,anger|anticipation
JJ answerable,trust
NN truth,trust
JJ cooperative,trust
RB sorely,sadness
NN blackness,fear|sadness
NN maintenance,trust
VB relapse,fear|sadness
NN hospital,fear|sadness|trust
VB forbidding,anger|fear
JJ dreadful,anger|anticipation|disgust|fear|sadness
NN confusion,anger|fear
VB blighted,disgust|sadness
JJ fraught,fear|sadness
NN revival,anticipation|joy|trust
VB scum,disgust
JJ alien,disgust|fear
NN vent,anger
VB appeal,anticipation
JJ punctual,anticipation|trust
VB asserting,trust
VB scourge,anger|fear|sadness
NN deformity,disgust|fear|sadness
VB premeditated,fear
VB belittle,anger|disgust|fear|sadness
NN anguish,anger|fear|sadness
NN crisp,trust
VB fatigued,sadness
JJ crusty,disgust
VB cheering,joy
NN exasperation,anger|disgust
NN trickery,anger|disgust|fear|sadness|surprise
VB words,anger
NN weeping,sadness
JJ lurid,disgust
VB predispose,anticipation
VB tabulate,anticipation
NN diarrhoea,disgust
NN blindfold,anticipation|fear|surprise
NN compassion,fear
VB foreclose,fear|sadness
VB rating,anger|fear|sadness
JJ unattractive,disgust|sadness
JJ responsive,anticipation|trust
NN symphony,anticipation|joy
VB engaging,joy|trust
NN mastery,anger|joy|trust
JJ negro,sadness
NN grave,fear|sadness
VB civilized,joy|trust
NN inheritance,anticipation|joy|surprise|trust
VB kennel,sadness
JJ maniac,anger|fear
JJ ill,anger|disgust|fear|sadness
NN economy,trust
RB astonishingly,surprise
NN menace,anger|fear
JJ nauseous,disgust|sadness
NN bridegroom,anticipation|joy|trust
NN disconnect,sadness
NN drab,sadness
JJ obliterate,anger|fear|sadness
VB accomplish,joy
VB rat,disgust|fear
NN advent,anticipation|joy|trust
NN TRUE,joy|trust
VB armored,fear
JJ civilized,joy|trust
NN conscience,trust
JJ genial,joy
NN beautification,joy|trust
VB disqualify,sadness
NN maniac,anger|fear
NN warfare,anger|fear|sadness
VB ram,anger|anticipation
NN persecution,anger|disgust|fear|sadness
JJ charmed,joy
JJ mutilated,disgust
RB purely,trust
NN veto,anger
VB enchanting,anticipation|joy
NN reunion,anticipation|trust
NN ferocity,anger
NN credit,trust
NN armaments,fear
NN cooperation,trust
NN abscess,sadness
JJ fighting,anger
NN horoscope,anticipation
VB enable,trust
NN abacus,trust
JJ radioactive,fear
VB wanting,sadness
NN fabrication,trust
NN prophecy,anticipation
VB subordinate,fear
VB covenant,trust
NN whip,anger
NN secret,trust
VB misunderstanding,anger|sadness
NN whim,anticipation|joy|surprise
NN emptiness,sadness
NN annoying,anger
NN sermon,trust
VB gutter,disgust
NN curse,anger|disgust|fear|sadness
JJ allied,trust
VB repent,fear
JJ unique,surprise
VB martyr,fear|sadness
NN criticism,anger|sadness
NN vulnerability,fear|sadness
NN medical,anticipation|fear|trust
VB feeling,anger|anticipation|disgust|fear|joy|sadness|surprise|trust
VB qualified,trust
JJ peaceful,anticipation|joy|surprise|trust
JJ incompatible,anger|disgust|sadness
VB ratify,trust
NN rapid,surprise
NN goo,disgust
JJ regulatory,fear
JJ fundamental,trust
NN warning,fear
VB simmering,anticipation
NN theory,anticipation|trust
VB avoiding,fear
VB prefer,trust
NN tornado,fear
NN bruise,anticipation
NN beating,anger|fear|sadness
NN embolism,fear|sadness
NN god,anticipation|fear|joy|trust
VB torment,anger|fear|sadness
NN dungeon,fear
NN gob,disgust
NN defect,anger
NN hanging,anger|disgust|fear|sadness
NN wench,anger|disgust
NN brimstone,anger|fear
NN importance,anticipation
NN grant,anticipation|joy|trust
NN predilection,anticipation
VB annihilate,anger|fear
VB love,joy
NN specter,fear|sadness
JJ greasy,disgust
NN gut,disgust
NN calculation,anticipation
RB bitterly,anger|disgust|sadness
NN gun,anger|fear
NN guarantee,trust
NN crime,anger
VB erupt,anger|surprise
RB sweet,anticipation|joy|surprise|trust
VB ail,sadness
NN physician,trust
JJ hopeless,fear|sadness
JJ indigent,sadness
JJ regrettable,sadness
NN ashes,sadness
NN intimidation,anger|fear
JJ ruthless,anger|disgust|fear
NN phantom,fear
VB worry,anticipation|fear|sadness
VB succeeding,anticipation|joy|trust
NN official,trust
VB praised,joy
VB drugged,sadness
JJ destructive,anger|disgust|fear
NN adoration,joy|trust
NN remedy,anticipation|joy|trust
NN mamma,trust
NN picnic,anticipation|joy|surprise|trust
VB cultivate,anticipation|trust
NN ordination,anticipation|joy|trust
NN lyre,joy
VB hindering,sadness
VB storming,anger
VB lose,anger|disgust|fear|sadness|surprise
NN demise,fear|sadness
NN cooperative,trust
VB lost,sadness
VB worm,anticipation|surprise
VB worn,sadness
NN amphetamines,disgust
JJ qualified,trust
JJ obvious,trust
VB foreseen,anticipation
NN retribution,anger|fear|sadness
VB revel,joy
JJ tripping,anger|sadness
VB sneaking,anticipation|fear|trust
NN battery,anger
VB clamor,anger|anticipation|disgust|surprise
JJ punitive,anger|fear|sadness
NN schizophrenia,anger|disgust|fear|sadness
JJ lettered,anticipation|trust
NN cemetery,fear|sadness
JJ weeping,sadness
VB cancel,sadness
VB haunted,fear|sadness
NN condescension,anger|disgust|sadness
VB content,joy|trust
JJ unbeaten,anticipation|joy|sadness|surprise
VB police,fear|trust
NN chancellor,trust
VB splash,surprise
NN trophy,anticipation|joy|surprise|trust
NN objection,anger
VB intimidate,fear
NN securities,trust
VB plummet,fear
NN palsy,disgust|fear|sadness
NN shoulder,trust
NN solidity,trust
NN shoot,anger|fear
NN jurisprudence,sadness
VB tripping,anger|sadness
JJ erratic,surprise
NN lottery,anticipation
VB fixed,trust
VB tickle,anticipation|joy|surprise|trust
JJ doomed,fear|sadness
NN watch,anticipation|fear
VB immerse,anticipation|fear|joy|surprise|trust
NN chicken,fear
NN thief,anger|disgust|fear|sadness|surprise
NN spat,anger
RB astray,fear
VB nestle,trust
NN barter,trust
VB deform,disgust
VB lettered,anticipation|trust
VB banished,anger|fear|sadness
VB burke,anger|disgust|fear|sadness
NN sewer,disgust
VB fits,anger
JJ rancid,disgust
NN stall,disgust
VB perpetuate,anticipation
NN weirdo,fear
VB bloated,disgust
NN entrails,disgust
NN corruption,disgust
NN affront,anger|disgust|fear|sadness|surprise
VB fire,fear
JJ troublesome,anger|fear
NN lunge,surprise
NN precursor,anticipation
NN termite,disgust
VB segregate,anger|disgust|sadness
JJ lethal,disgust|fear|sadness
JJ dissident,anger|fear
NN mange,disgust|fear
VB glut,disgust
NN babysitter,trust
NN stalk,fear
NN lawlessness,anger|fear
VB sonnet,joy|sadness
JJ distressed,fear
NN taunt,anger|fear|sadness
NN bomber,fear|sadness
JJ dandy,disgust
RB backwards,disgust
NN objective,anticipation|trust
NN electric,joy|surprise
VB sanctify,anticipation|joy|sadness|surprise|trust
NN rampage,anger|fear
VB fulfill,joy
VB fight,anger|fear
VB opposed,anger|fear
VB howl,anger|disgust|fear|sadness|surprise
NN stain,disgust
NN bombard,anger|fear
NN distress,anger|disgust|fear|sadness|surprise
NN intervention,sadness
NN complaint,anger
NN negative,sadness
VB exterminate,fear|sadness
NN matron,trust
NN irrational,disgust|fear
NN nurse,trust
NN leisure,anticipation|joy|surprise|trust
VB sour,disgust
JJ eventual,anticipation
NN cripple,fear|sadness
NN revolver,anger|fear|sadness
NN idolatry,disgust|fear
VB grounded,fear|sadness
JJ nonsensical,sadness
NN associate,trust
NN worsening,disgust|sadness
JJ fitting,anticipation|joy|trust
NN morbidity,anger|disgust|fear|sadness
NN shriek,anger|fear|sadness|surprise
VB revels,joy
NN thwart,surprise
JJ disturbed,anger|sadness
JJ loyal,fear|joy|surprise|trust
NN rigor,disgust|fear
NN corporation,trust
NN gladiator,fear
JJ pious,disgust|sadness|trust
NN howl,anger|disgust|fear|sadness|surprise
VB established,joy
NN lying,anger|disgust
NN gunpowder,fear
RB accidentally,surprise
NN diaper,disgust
JJ impossible,sadness
JJ rational,trust
NN lie,anger|disgust|sadness
NN gospel,trust
NN philosopher,trust
NN strip,sadness
NN sour,disgust
VB depressed,anger|fear|sadness
VB glow,anticipation|joy|trust
JJ radiant,joy
VB grated,anger
NN helper,trust
VB squelch,anger|disgust
VB entangled,anger|disgust|fear|sadness
NN cheering,joy
VB shudder,fear
NN backbone,anger|trust
RB bloody,anger|disgust|fear|sadness
JJ inconvenient,anger|disgust|sadness
NN prostitution,disgust|sadness
VB constitute,trust
NN perplexity,sadness
NN pound,anger
NN glut,disgust
NN loo,disgust
NN omnipotence,fear
VB fill,trust
NN khan,fear|trust
VB bruise,anticipation
NN shock,anger|fear|surprise
VB harassing,anger
RB powerful,anger|anticipation|disgust|fear|joy|trust
VB resigned,sadness
NN damage,anger|disgust|sadness
NN fire,fear
JJ delinquent,anger|disgust
NN injustice,anger
NN mother,anticipation|joy|sadness|trust
JJ crescendo,anticipation|joy|surprise|trust
VB pilot,trust
JJ unpredictable,surprise
NN fanfare,anticipation|joy|surprise
NN knickers,trust
VB related,trust
NN romance,anticipation|fear|joy|sadness|surprise|trust
JJ thorny,fear
VB soot,disgust
NN siren,fear
NN flatulence,disgust
VB hoot,anger|disgust
NN gambling,anticipation|surprise
VB blessed,joy
NN messenger,trust
NN fits,anger
NN schism,anger
NN defiance,anger|disgust|fear
NN remand,anger
VB hope,anticipation|joy|surprise|trust
NN chronicle,trust
NN cloudiness,fear
VB revere,anticipation|joy|trust
JJ unsettled,anger|disgust|fear
JJ stormy,fear
VB uprising,anger|anticipation|fear
JJ judicial,anticipation|trust
JJ magnificent,anticipation|joy|surprise|trust
VB doubt,fear|sadness|trust
VB hood,anger|disgust|fear
VB hamstring,anger|sadness
VB mob,anger|fear
VB manage,trust
JJ birch,anger|disgust|fear
NN jest,joy|surprise
NN notable,joy|trust
NN priest,trust
JJ ancestral,trust
RB scarce,fear|sadness
NN crap,disgust
NN mildew,disgust
NN authority,trust
JJ defective,disgust
NN civilization,trust
NN radiance,anticipation|joy|trust
NN simmering,anticipation
VB thirst,anticipation|sadness|surprise
JJ risky,anticipation|fear
NN jerk,anger|surprise
NN forbidding,anger|fear
JJ moral,anger|trust
NN cyanide,fear
JJ listless,sadness
NN applause,joy|surprise|trust
JJ godly,joy|trust
NN confinement,anger|fear|sadness
VB deteriorate,fear|sadness
NN negation,anger
JJ mathematical,trust
NN interviewer,fear
NN precedence,trust
VB scrimmage,surprise
VB troll,anger|fear
VB iron,trust
NN insolvency,fear|sadness|surprise
JJ poisonous,anger|disgust|fear|sadness
VB exalted,joy|trust
NN spokesman,trust
JJ missing,fear|sadness
JJ inexplicable,surprise
NN correspondence,anticipation
JJ sloppy,disgust
JJ regal,trust
NN duel,anger|anticipation|fear
NN supplication,trust
JJ cussed,anger
VB profane,anger
VB frank,trust
VB throb,fear|sadness
NN grumble,anger|disgust
JJ uninteresting,sadness
NN collateral,trust
NN cliff,fear
RB unquestionably,trust
NN moat,trust
VB soil,disgust
NN understanding,trust
JJ medical,anticipation|fear|trust
JJ crushing,anger|disgust|fear
JJ discriminating,disgust
VB embarrass,sadness
VB banish,anger|disgust|fear|sadness
VB budget,trust
NN moan,fear|sadness
JJ anticipatory,anticipation
JJ straightforward,trust
NN confessional,fear|trust
VB parting,sadness
RB intuitively,anticipation
NN waste,disgust
NN committal,sadness
NN disciple,trust
JJ nasty,anger|disgust|fear|sadness
VB spook,fear
VB wound,anger|fear|sadness
JJ musty,disgust
JJ indomitable,fear
NN caretaker,trust
NN oasis,anticipation|joy|trust
VB jump,joy
NN convent,trust
JJ joyful,joy|trust
VB razor,fear
JJ lowest,sadness
VB subvert,disgust|fear|sadness
JJ sweet,anticipation|joy|surprise|trust
JJ generous,joy|trust
JJ undiscovered,surprise
RB cruelly,anger|fear
VB trip,surprise
NN crew,trust
NN confession,anticipation|fear|sadness|surprise
NN witness,trust
VB inflict,anger|fear|sadness
VB exile,anger|fear|sadness
NN corse,sadness
VB carol,joy|trust
JJ disregarded,disgust
JJ frowning,anger|disgust|sadness
NN committee,trust
NN stagger,surprise
NN fellow,trust
VB witch,anger|disgust|fear
NN connoisseur,joy|trust
NN rejection,anger|disgust|fear|sadness
NN alerts,anticipation|fear|surprise
VB tantalizing,anticipation|joy|surprise
NN fright,fear|surprise
VB neighbor,anticipation|trust
JJ insane,anger|fear
VB crushing,anger|disgust|fear
VB burnt,disgust
JJ haggard,sadness
VB paddle,anticipation
VB fearing,fear
VB compost,disgust
JJ untoward,anger|disgust
VB suffocating,disgust|fear|sadness
JJ exciting,anticipation|joy|surprise
NN shining,anticipation|joy
VB enslaved,anger|disgust|fear|sadness
NN coach,trust
VB prejudice,anger
VB complain,anger|sadness
NN advocate,trust
NN notary,trust
NN coyote,fear
NN annulment,sadness
NN bloom,anticipation|joy|trust
VB frightened,fear|surprise
NN president,trust
VB tree,anger|anticipation|disgust|joy|surprise|trust
NN shove,anger
VB aching,sadness
VB haunt,fear
VB attempt,anticipation
NN attendant,trust
NN inclusion,trust
NN reversal,anger|disgust|surprise
NN cutting,anger|disgust|fear|sadness
JJ clumsy,disgust
NN rescue,anticipation|joy|surprise|trust
NN debauchery,disgust|fear
JJ antifungal,trust
JJ administrative,trust
JJ hardened,anger|disgust|fear
JJ prosperous,joy
NN dumps,anger|sadness
VB respect,anticipation|joy|trust
NN spit,disgust
JJ uphill,anticipation|fear
VB hoax,anger|disgust|sadness|surprise
NN shout,anger|surprise
NN ejaculation,anticipation|joy|surprise|trust
JJ accomplished,joy
VB measured,trust
JJ courageous,fear
JJ brotherly,anticipation|joy|trust
JJ amused,joy
NN tinsel,joy
JJ horrifying,disgust|fear|sadness
NN pillage,anger|disgust|fear
NN extermination,anger|fear
NN anxiety,anger|anticipation|fear|sadness
JJ warlike,anger|fear
VB clash,anger
NN gluttony,disgust
VB commission,trust
VB tarnish,disgust|sadness
VB orphan,fear|sadness
JJ disembodied,fear|sadness
NN accusation,anger|disgust
NN bondage,fear|sadness
JJ irate,anger
JJ disgraceful,anger|disgust
NN reassurance,trust
NN dynamic,surprise
NN rebellion,anger|disgust|fear
NN antiseptic,trust
NN start,anticipation
NN discoloration,disgust
VB madden,anger|fear
VB harass,anger|disgust
JJ decayed,disgust|sadness
NN flounder,fear|sadness
NN bureaucrat,disgust
VB disobey,anger|disgust
NN sprite,fear
NN seizure,fear
VB wrinkled,sadness
VB poisoning,disgust
JJ theocratic,anger|fear|sadness|trust
VB merge,anticipation
VB dirty,disgust
NN mum,fear
JJ moribund,sadness
NN astonishment,joy|surprise
VB beaming,anticipation|joy
NN rocket,anger
NN mug,anger|fear|sadness
JJ assured,trust
VB busted,anger|fear
VB understanding,trust
JJ discreet,anticipation
NN armament,anger|fear
NN friend,joy|trust
VB amusing,joy
NN pest,anger|disgust|fear
NN leukemia,anger|fear|sadness
VB glide,anticipation|joy
VB detonate,fear|surprise
NN kudos,joy
NN quack,disgust
JJ onerous,anger|sadness
JJ contentious,anger|disgust|fear
NN discrimination,anger|disgust|fear|sadness
JJ appalling,disgust|fear
NN twinkle,anticipation|joy
JJ wild,surprise
VB crash,fear|sadness|surprise
JJ confiscate,anger|sadness
NN plight,anticipation|disgust|fear|sadness
JJ haunted,fear|sadness
NN peri,surprise
NN numbness,sadness
VB grating,anger|disgust
VB blackmail,anger|fear
JJ vindictive,anger|disgust
VB gravitate,anticipation
VB surround,anticipation
JJ labored,sadness
JJ runaway,sadness
NN dread,anticipation|fear
VB referee,trust
JJ dark,sadness
NN passenger,anticipation
VB aggravated,anger
VB shining,anticipation|joy
JJ dismal,disgust|fear|sadness
JJ hollow,sadness
NN timid,fear|sadness
JJ lax,sadness
VB heighten,fear
VB surprised,surprise
JJ despairing,fear|sadness
VB devastating,anger|disgust|fear|sadness|trust
JJ elusive,surprise
JJ unrequited,sadness
VB poisoned,anger|disgust|fear|sadness
JJ silly,joy
NN hobo,sadness
NN tree,anger|anticipation|disgust|joy|surprise|trust
NN boomerang,anticipation|trust
NN ammonia,disgust
VB bombard,anger|fear
VB crave,anticipation
JJ reckless,anger|fear
JJ zealous,joy|trust
NN bridal,anticipation|joy|trust
JJ zany,surprise
JJ socialist,anger|disgust|fear|sadness
VB flood,fear
NN slaughterhouse,anger|disgust|fear|sadness
JJ downright,trust
VB patter,anger
NN hoax,anger|disgust|sadness|surprise
VB crawl,disgust
NN cheerfulness,anticipation|joy|trust
JJ livid,anger|disgust
VB ferment,anticipation
NN umpire,trust
JJ sonorous,joy
NN incendiary,anger|fear|surprise
JJ disappointing,sadness
NN meltdown,sadness
VB gorge,disgust
JJ salutary,joy|trust
NN accolade,anticipation|joy|surprise|trust
JJ weird,disgust
JJ betrothed,anticipation|joy|trust
JJ mutable,anticipation
JJ princely,anticipation|joy|surprise|trust
VB reappear,surprise
NN debenture,anticipation
NN competition,anticipation
RB TRUE,joy|trust
JJ interminable,anger|anticipation
RB suddenly,surprise
NN distrust,anger|disgust|fear
NN outsider,fear
NN infallibility,trust
JJ inept,anger|disgust
VB romance,anticipation|fear|joy|sadness|surprise|trust
RB ultimately,anticipation
JJ mystic,surprise
VB surprise,fear|joy|surprise
NN elevation,anticipation|fear|joy|trust
VB gratify,joy|surprise
VB enjoy,anticipation|joy|trust
RB downright,trust
VB obey,fear|trust
NN inauguration,anticipation|joy|trust
NN laugh,joy|surprise
NN classics,joy
JJ disastrous,anger|fear|sadness
JJ structural,trust
VB lie,anger|disgust|sadness
NN regret,sadness
JJ unintentional,surprise
NN absolution,joy|trust
JJ wretched,disgust|sadness
NN acrobat,fear|joy|trust
NN punishment,anger|disgust|fear
JJ volunteer,anticipation|fear|joy|trust
NN furor,anger
NN confirmation,trust
VB progress,anticipation|joy
NN ambush,anger|fear|surprise
JJ expedient,joy|trust
VB hating,anger
NN holiday,anticipation|joy
VB arouse,anticipation
VB completing,anticipation|joy
NN paucity,anger|disgust|sadness
NN voyage,anticipation
JJ hopeful,anticipation|joy|surprise|trust
NN trainer,trust
NN dolor,sadness
VB bewildered,fear|surprise
JJ disappointed,anger|disgust|sadness
NN playhouse,joy
VB craps,anticipation
VB convincing,trust
JJ delightful,anticipation|joy|trust
NN obit,sadness|surprise
NN perennial,trust
NN pontiff,trust
NN indoctrination,anger|fear
VB cramp,anticipation
VB spoil,disgust
NN devotional,trust
VB quiet,sadness
NN deportation,anger|fear|sadness
NN concord,trust
NN blight,disgust|fear|sadness
NN insufficiency,anger
JJ cheery,anticipation|joy
NN copycat,anger|disgust
NN rehabilitation,anticipation
NN glare,anger|fear
NN mob,anger|fear
JJ immature,anticipation
JJ patient,anticipation
NN dying,anger|disgust|fear|sadness
NN myopia,anger|sadness
VB lament,disgust|fear|sadness
NN registry,trust
RB clean,joy|trust
JJ ultimate,anticipation|sadness
NN perpetuity,anticipation|trust
NN football,anticipation|joy
VB excluding,sadness
JJ flattering,joy
NN unification,anticipation|joy|trust
VB exaggerate,anger
NN feces,disgust
JJ blue,sadness
NN shrink,fear|sadness
NN falter,fear
NN jury,trust
VB launch,anticipation
NN regatta,anticipation
JJ untrustworthy,anger
NN heyday,anticipation|joy|trust
NN iron,trust
NN treasure,anticipation|joy|trust
NN snarl,anger|disgust
VB misleading,anger|disgust
NN repellent,anger|disgust|fear
VB spanking,anger
JJ daft,disgust
NN scrub,disgust
NN abandonment,anger|fear|sadness|surprise
VB depressing,disgust|sadness
NN lesbian,disgust|sadness
NN repression,fear
VB clouded,sadness
NN protestant,fear
NN crusade,anger|fear
VB inspire,anticipation|joy|trust
JJ lower,sadness
VB elect,trust
JJ punished,anger|anticipation|disgust|fear|sadness
NN banger,anger|anticipation|fear|surprise
NN congregation,trust
JJ spanking,anger
NN innocent,trust
NN faculty,trust
NN hood,anger|disgust|fear
JJ killing,anger|fear|sadness
NN anarchist,anger|fear
NN doctor,trust
NN sally,surprise
NN anarchism,anger|fear
NN friendliness,joy|trust
VB harbor,trust
VB perishing,fear|sadness
NN warden,anger|fear|trust
JJ intelligent,trust
NN snare,fear
NN prowl,fear|surprise
VB divorce,anger|disgust|fear|sadness|surprise|trust
JJ rollicking,joy
NN wreck,anger|disgust|fear|sadness|surprise
NN vindication,anticipation|joy|trust
NN scare,anger|anticipation|fear|surprise
VB dismay,anger|anticipation|fear|sadness|surprise
JJ unequal,anger|disgust|fear|sadness
JJ toxic,disgust
VB challenge,anger|fear
NN prisoner,anger|disgust|fear|sadness
NN dependence,fear|sadness
VB inspired,joy|surprise|trust
RB perchance,surprise
VB rampage,anger|fear
VB dwarfed,fear|sadness
JJ blasphemous,anger|disgust
JJ beautiful,joy
NN neutrality,trust
JJ stunned,fear|surprise
NN motion,anticipation
NN soot,disgust
NN abyss,fear|sadness
RB damn,anger|disgust
NN conveyancing,trust
VB blue,sadness
JJ gradual,anticipation
VB establish,trust
NN hope,anticipation|joy|surprise|trust
VB authorize,trust
NN breakup,sadness
RB defenseless,fear|sadness
JJ bottomless,fear
VB airs,disgust
VB expect,anticipation|surprise|trust
JJ enigmatic,fear
NN guidebook,trust
NN hamstring,anger|sadness
NN hoot,anger|disgust
NN cobra,fear
NN alliance,trust
NN sadness,sadness|trust
JJ drab,sadness
JJ TRUE,joy|trust
NN fill,trust
JJ authoritative,trust
NN professor,trust
NN sore,anger|sadness
NN superstar,joy|trust
NN glow,anticipation|joy|trust
VB dawn,anticipation|joy|surprise|trust
JJ miserable,anger|disgust|sadness
JJ uninspired,sadness
JJ fraternal,joy|trust
VB accomplished,joy
VB convince,anticipation|trust
NN result,anticipation
VB piles,disgust
NN broadside,anticipation
JJ sorrowful,sadness
NN inaugural,anticipation
VB cutting,anger|disgust|fear|sadness
NN raffle,anticipation|surprise
NN snake,disgust|fear
JJ deceased,sadness
VB plump,anticipation
VB saber,anger|fear
JJ sensational,joy
NN glad,anticipation|joy
VB ripen,anticipation
JJ dank,disgust
JJ frightful,anger|fear|sadness
VB nose,disgust
NN forefathers,joy|trust
NN heritage,trust
VB emaciated,fear|sadness
NN herpes,disgust
VB garrison,trust
VB upset,anger|sadness
VB prepared,anticipation|trust
NN corroboration,trust
VB blessings,anticipation|joy|surprise|trust
JJ dutiful,anticipation|trust
VB snag,surprise
NN iris,fear
NN attempt,anticipation
NN denunciation,anger|disgust|fear
JJ mediate,anticipation|trust
NN disgrace,anger|disgust|sadness
NN malice,anger|fear
NN proof,trust
VB protecting,trust
VB neglected,anger|disgust|sadness
VB cheat,anger|disgust
JJ lowly,sadness
VB impeach,disgust|fear
NN archaeology,anticipation
VB impending,anticipation|fear
JJ inefficient,sadness
NN bloodshed,anger|disgust|fear|sadness|surprise
RB brotherly,anticipation|joy|trust
VB blob,disgust|fear
JJ damn,anger|disgust
NN progression,anticipation|joy|sadness|trust
JJ demoralized,fear|sadness
JJ halting,fear|sadness
VB dislocated,anger|disgust|fear|sadness
JJ unanticipated,surprise
NN heretic,disgust
JJ coexisting,trust
NN quail,fear
VB dare,anticipation|trust
JJ plaintive,sadness
NN unknown,anticipation|fear
JJ academic,trust
NN spaniel,joy|trust
NN glee,joy
NN thermometer,trust
VB dart,fear
VB deceiving,trust
VB simmer,anger|anticipation
NN transcript,trust
JJ melancholy,sadness
NN journey,anticipation|fear|joy
JJ eager,anticipation|joy|surprise|trust
NN suicide,anger|fear|sadness
RB devilish,disgust|fear
RB freely,joy|trust
VB smell,anger|disgust
NN exchange,trust
NN jump,joy
NN quake,fear
NN trip,surprise
JJ overjoyed,joy
NN occupant,trust
NN nag,anger
VB intend,trust
NN oracle,anticipation|trust
VB invalid,sadness
JJ expert,trust
NN nap,joy
JJ overpriced,anger|disgust|sadness
JJ cruel,anger|disgust|fear|sadness
VB overpowering,anger|fear
JJ infectious,disgust|fear|sadness
NN illiterate,disgust
VB condemn,anger
NN martyrdom,fear|sadness
VB merit,trust
NN adviser,trust
VB mistake,sadness
JJ crude,disgust
VB blanket,trust
RB wild,surprise
VB cheer,anticipation|joy|surprise|trust
NN soil,disgust
NN endocarditis,fear|sadness
JJ confidential,trust
NN insolvent,fear|sadness|trust
NN contempt,anger|disgust|fear
NN conflagration,anger|fear
VB committed,trust
NN teach,joy|surprise|trust
VB inter,sadness
NN joy,joy
JJ burdensome,fear|sadness
NN noble,trust
VB collapse,disgust|fear|sadness
NN obliteration,fear|sadness
VB amaze,surprise
VB entertain,joy
NN trespass,anger
NN mosquito,anger|disgust
VB dilapidated,disgust|sadness
NN zest,anticipation|joy|trust
JJ mad,anger|disgust|fear|sadness
JJ insulting,anger|disgust|fear|sadness
NN sepsis,fear|sadness
NN soreness,disgust|sadness
NN choke,anger|sadness
NN wickedness,disgust
NN despotism,anger|disgust|fear|sadness
NN waver,fear
VB punishing,anger|fear|sadness
NN discord,anger|disgust
RB pretty,anticipation|joy|trust
VB zest,anticipation|joy|trust
RB collectively,trust
NN veteran,trust
NN mouthful,disgust
NN defeated,sadness
VB isolate,sadness
NN hearse,fear|sadness
JJ lifeless,fear|sadness
NN pivot,trust
VB deformed,disgust|sadness
JJ forgiving,trust
JJ wrecked,anger|fear|sadness
JJ hurried,anticipation
VB dance,joy|trust
NN bigot,anger|disgust|fear
NN vigilance,anticipation|trust
NN assailant,anger|fear|sadness
VB animated,joy
JJ burnt,disgust
JJ dubious,fear|trust
NN sponsor,trust
VB blitz,surprise
VB meditate,anticipation|joy|trust
VB suppress,anger|fear|sadness
NN predicament,fear
JJ choral,joy
JJ obliterated,anger|fear
JJ judicious,trust
VB drown,fear|sadness
NN violence,anger|fear|sadness
JJ criminal,anger|disgust|fear
JJ ghastly,disgust|fear
JJ frank,trust
NN banshee,anger|disgust|fear|sadness
JJ special,joy
VB united,trust
JJ chargeable,fear|sadness
NN parting,sadness
JJ scientific,trust
JJ vivacious,joy
NN autopsy,disgust|fear|sadness
VB pledge,joy|trust
JJ mercenary,fear
NN bleeding,disgust|fear|sadness
NN argument,anger
VB trade,trust
VB vomit,disgust
RB stark,trust
NN pregnancy,disgust
JJ messy,disgust
JJ unfriendly,anger|disgust|fear|sadness
JJ virgin,trust
NN safe,joy|trust
VB irritating,anger|disgust
NN berserk,anger
VB track,anticipation
NN quagmire,disgust
NN villager,trust
NN winnings,anticipation|joy
VB deny,anger
NN exclusion,disgust|fear|sadness
VB imprisoned,anger|disgust|fear|sadness
VB fighting,anger
NN flaw,sadness
JJ ruined,anger|disgust|fear|sadness
NN ambassador,trust
VB witness,trust
VB extinguish,anger
JJ sunny,anticipation|joy|surprise
JJ giant,fear
NN ferment,anticipation
NN amen,joy|trust
JJ spectacular,anticipation|surprise
JJ grumpy,anger|disgust|sadness
VB sprain,sadness
NN infamy,sadness
NN accidental,fear|surprise
NN deputy,trust
JJ blissful,joy
NN depository,trust
NN conformity,trust
JJ cranky,anger
NN contraband,anger|disgust|fear
VB humiliating,disgust
NN anathema,anger|disgust|fear|sadness
VB agreeing,trust
JJ anxious,anticipation|fear
VB scrutinize,anticipation
NN arsenic,disgust|fear|sadness
JJ pleased,joy
NN hazard,fear
NN durability,trust
VB perverted,disgust
NN proficiency,anticipation|joy|surprise|trust
NN cohesion,trust
NN expose,anticipation|fear
NN evergreen,joy|trust
NN priesthood,anticipation|joy|sadness|trust
VB board,anticipation
NN foray,anger
JJ saintly,anticipation|joy|surprise|trust
VB punish,fear
JJ gloomy,sadness
VB thump,anger
NN decomposition,disgust|fear|sadness
NN allure,anticipation|joy|surprise
NN dispute,anger
VB incline,trust
NN infant,anticipation|fear|joy|surprise
JJ fragile,fear|sadness
NN depth,trust
NN admiration,joy|trust
NN constraint,anger|fear|sadness
VB distressing,anger|fear
VB recesses,fear
JJ despotic,fear
NN preparation,anticipation
VB catch,surprise
JJ lonesome,sadness
NN anaconda,disgust|fear
NN checklist,trust
NN romantic,anticipation|joy|trust
VB disparaging,anger|disgust|sadness
NN inefficiency,disgust|sadness
VB drool,disgust
NN comrade,trust
JJ wholesome,trust
VB lamenting,sadness
VB indent,trust
NN ground,trust
NN undertaking,anticipation
NN weariness,sadness
JJ episcopal,trust
NN panic,fear
NN force,anger|fear
JJ enchanted,joy|trust
JJ precious,anticipation|joy|surprise
JJ murky,disgust|sadness
NN visor,anticipation|surprise
NN probation,anticipation|fear|sadness
NN proxy,trust
NN vertigo,fear
VB horrified,fear
VB smother,anger
VB reconstruct,anticipation
VB seals,trust
VB assist,trust
NN assassin,anger|fear|sadness
NN dislike,anger|disgust
NN commonwealth,trust
NN coffin,fear|sadness
VB dispel,sadness
VB spank,anger|fear|sadness
JJ cheering,joy
NN cement,anticipation|trust
JJ intractable,anger
JJ strained,anger
VB defy,anger|fear|sadness|surprise
NN cathedral,joy|trust
JJ controversial,anger
NN tease,anger|anticipation|sadness
VB depress,fear|sadness
NN choir,joy|trust
VB abandoned,anger|fear|sadness
NN formula,trust
VB letter,anticipation
NN entertainment,anticipation|joy|surprise|trust
VB quiver,fear
JJ witty,joy
NN mortgagee,trust
NN rook,anger|disgust
NN scarcity,anger|fear|sadness
VB vacation,anticipation|joy
NN testimony,trust
JJ illicit,anger|disgust|fear
VB advised,trust
NN secretion,disgust
NN parachute,fear
JJ incongruous,anger
NN brigade,fear
NN plunge,fear
JJ synonymous,fear|trust
NN annoyance,anger|disgust
NN mentor,trust
JJ barbarian,fear
JJ delirious,sadness
RB ill,anger|disgust|fear|sadness
VB sweat,fear
NN victor,joy
NN journalism,trust
NN polygamy,disgust
RB randomly,surprise
NN good,anticipation|joy|surprise|trust
JJ lewd,disgust
NN antifungal,trust
VB accounts,trust
NN probity,trust
VB accredited,trust
JJ rainy,sadness
NN romp,joy
RB constantly,trust
NN present,anticipation|joy|surprise|trust
NN barrow,disgust
NN accord,trust
NN gore,anger|disgust|fear|sadness
NN academic,trust
NN promise,joy|trust
VB broken,anger|fear|sadness
VB amused,joy
NN shack,disgust|sadness
NN rumor,sadness
NN completion,anticipation|joy
VB convict,anger|disgust|fear|sadness
VB strive,anticipation
JJ possessed,anger|disgust|fear
JJ admirable,joy|trust
JJ pleasant,anticipation|joy|surprise|trust
JJ jealous,anger|disgust
NN harm,fear
JJ pretty,anticipation|joy|trust
VB refused,sadness
VB inhibit,anger|disgust|sadness
JJ unworthy,disgust
JJ annoying,anger
NN lavatory,disgust
NN faith,anticipation|joy|trust
NN depression,sadness
VB deal,anticipation|joy|surprise|trust
NN indictment,fear
NN isolation,sadness
NN tribunal,anticipation|disgust|fear|trust
VB crouch,fear
NN frigate,fear
VB disconnect,sadness
NN melee,fear
JJ fixed,trust
NN hypocrite,disgust
JJ whimsical,joy
NN grenade,fear
NN swelling,fear
NN misrepresentation,sadness
NN flirt,anticipation|joy|surprise|trust
VB shoplifting,anger|disgust
VB moorings,trust
VB footing,trust
NN pill,trust
VB outrage,anger|disgust
VB kite,disgust
NN brawl,anger|disgust|fear
VB blindfold,anticipation|fear|surprise
NN grotesque,disgust
NN flop,disgust|sadness
VB swerve,fear|surprise
NN hate,anger|disgust|fear|sadness
VB simplify,anticipation|joy|surprise|trust
NN cytomegalovirus,sadness
VB exhausted,sadness
NN neuralgia,fear|sadness
JJ destitute,fear|sadness
NN detention,sadness
JJ noisy,anger
NN opportunity,anticipation
NN hawk,fear
VB kiss,anticipation|joy|surprise
NN console,sadness
VB ransom,anger|fear
NN limited,anger|sadness
NN save,joy|trust
NN pine,sadness
VB accursed,anger|fear|sadness
JJ intrusive,anger|disgust|fear|surprise
NN reimbursement,trust
JJ pertinent,trust
NN rota,trust
JJ lawful,trust
NN axiom,trust
VB install,anticipation
NN wealth,joy|trust
NN barren,sadness
VB confirmed,trust
VB pride,joy
NN hail,trust
NN nervousness,fear
NN whine,disgust|sadness
JJ quicksilver,surprise
NN sinning,disgust
NN misunderstanding,anger|sadness
JJ ignorant,disgust
NN coldness,anger|disgust|fear|sadness
JJ imminent,anticipation|fear
VB offended,anger|sadness
VB prick,anger|disgust|fear|surprise
JJ unexplained,anticipation|sadness
JJ ridiculous,anger|disgust
NN furrow,sadness
JJ unquestionable,trust
NN doctrine,trust
JJ illegitimate,anger|disgust|fear|sadness|surprise
JJ falling,sadness
NN transaction,trust
VB rotting,disgust
JJ repelling,disgust
JJ wound,anger|fear|sadness
NN sage,trust
VB tolerate,anger|sadness
NN prediction,anticipation
VB disorder,fear
NN mortgagor,fear
NN humility,trust
NN nepotism,anger|disgust|sadness
VB savor,anticipation|disgust|joy|sadness|trust
VB confederate,trust
JJ dangerous,fear
VB cream,anticipation|joy|surprise
NN molestation,anger|disgust|fear|sadness
JJ bias,anger
NN gentleman,trust
VB elated,joy
NN victim,anger|fear|sadness
NN treachery,anger|fear|sadness|surprise
NN comfort,anticipation|joy|trust
NN atrocity,anger|disgust|fear|sadness
NN disdain,anger|disgust
NN flea,disgust
JJ forbidding,anger|fear
VB hollow,sadness
JJ diabolical,anger|disgust|fear
NN author,trust
VB develop,anticipation
NN thrash,anger|disgust|fear|sadness
NN terror,fear
NN reflex,surprise
NN hurricane,fear
JJ homesick,sadness
JJ official,trust
NN napkin,sadness
JJ sterling,anger|anticipation|joy|trust
VB journey,anticipation|fear|joy
JJ constitutional,trust
NN forfeiture,fear|sadness
JJ rooted,trust
NN dolphin,joy|surprise|trust
NN picket,anger|anticipation|fear
VB giggle,joy
NN personal,trust
JJ votive,trust
NN tomorrow,anticipation
NN guillotine,anger|anticipation|disgust|fear|sadness
JJ battered,fear|sadness
JJ gratuitous,disgust
VB burlesque,surprise
VB denied,sadness
VB obstruct,anger|fear
NN invalid,sadness
JJ baptismal,joy
NN chastity,anticipation|trust
VB kill,fear|sadness
JJ imprudent,sadness
RB deadly,anger|disgust|fear|sadness
VB purge,fear
VB case,fear|sadness
VB cash,anger|anticipation|fear|joy|trust
NN white,anticipation|joy|trust
NN depressive,sadness
NN consort,trust
NN warlock,fear
NN claimant,anger|disgust
VB frustrate,anger|disgust|sadness
NN winning,anticipation|disgust|joy|sadness|surprise|trust
VB depraved,anger|anticipation|disgust|fear|sadness
NN perjury,fear|surprise
VB unbridled,anger|anticipation|fear|surprise
NN marine,trust
JJ martial,anger
JJ stingy,anger|disgust|fear|sadness
NN concealment,anger|anticipation|fear
JJ nascent,anticipation
RB intimately,anticipation|fear|joy
NN management,trust
VB exchange,trust
VB rejoice,anticipation|joy|surprise|trust
VB ally,trust
NN obstetrician,trust
NN monk,trust
NN quicksilver,surprise
VB frighten,fear|sadness|surprise
VB privileged,joy|trust
NN notoriety,anger|disgust|fear
NN enema,disgust
VB negative,sadness
VB predict,anticipation
NN sizzle,anger
NN patience,anticipation|trust
NN divorce,anger|disgust|fear|sadness|surprise|trust
NN muzzle,fear
RB violently,anger|disgust|fear|sadness
VB scorching,anger
VB desert,anger|disgust|fear|sadness
VB outcry,anger|fear|surprise
NN bomb,anger|fear|sadness|surprise
NN originality,surprise
NN feudalism,anger|sadness
VB possess,anticipation|joy|trust
NN enemy,anger|disgust|fear
VB suffering,disgust|fear|sadness
VB slush,disgust|surprise
NN lieutenant,trust
NN spike,fear
VB struggle,anger|fear|sadness
NN octopus,disgust
NN countdown,anticipation
NN outrage,anger|disgust
NN couch,sadness
NN procession,joy|sadness|surprise
VB oust,anger|sadness
JJ unexpected,anticipation|fear|joy|surprise
JJ crazy,anger|fear|sadness
JJ inimitable,trust
NN preparedness,anticipation
NN association,trust
VB pervert,anger|disgust
VB rooted,trust
VB cane,anger|fear
VB advocate,trust
NN ally,trust
VB disdain,anger|disgust
NN liberation,anticipation|joy|surprise
NN scream,anger|disgust|fear|surprise
NN valor,trust
NN disorder,fear
VB crusade,anger|fear
NN reflux,disgust
NN stigma,anger|disgust|fear|sadness
VB bomb,anger|fear|sadness|surprise
VB honor,trust
VB bloody,anger|disgust|fear|sadness
NN bureaucracy,trust
NN footing,trust
NN daemon,anger|disgust|fear|sadness|surprise
NN morn,anticipation
JJ prophylactic,anticipation|trust
NN kill,fear|sadness
NN nobility,anticipation|trust
NN marriage,anticipation|joy|trust
NN flying,fear
NN share,anticipation|joy|trust
VB widow,sadness
NN case,fear|sadness
NN cash,anger|anticipation|fear|joy|trust
JJ unacknowledged,sadness
NN familiarity,anticipation|joy|trust
JJ frayed,sadness
NN intermission,anticipation
VB shroud,sadness
NN recesses,fear
JJ elect,trust
JJ merry,joy
JJ comatose,fear|sadness
NN interim,anticipation
JJ praiseworthy,anticipation|joy|surprise|trust
VB enforce,anger|fear
VB obliterate,anger|fear|sadness
NN kind,joy|trust
JJ instinctive,anger|disgust|fear
NN wince,anger|disgust|fear|sadness
VB attest,trust
VB boil,disgust
NN monstrosity,anger|disgust|fear|surprise
NN cough,disgust
VB dupe,anger
VB kick,anger
VB vanish,surprise
NN complement,anticipation|joy|surprise|trust
NN condolence,sadness
NN obesity,disgust|sadness
JJ plump,anticipation
NN collapse,disgust|fear|sadness
NN standstill,anger
NN occult,disgust|fear
NN danger,fear|sadness
NN shank,fear
NN pitfall,anger|disgust|fear|sadness|surprise
VB incase,anger|disgust|fear|sadness
JJ willful,anger|sadness
VB cable,surprise
VB destined,anticipation
JJ undecided,anticipation|fear
RB lowest,sadness
NN prejudice,anger
VB strike,anger
JJ dirty,disgust
NN shame,disgust|fear|sadness
NN trick,surprise
NN screaming,anger|disgust|fear
NN fever,fear
NN prophylactic,anticipation|trust
JJ unsafe,fear
VB dung,disgust
NN attestation,trust
NN accountability,trust
NN miracle,anticipation|joy|surprise|trust
VB fuming,anger
VB kitten,joy|trust
NN lines,fear
VB confined,anger|disgust|fear|sadness
NN spur,fear
NN readiness,anticipation|joy|trust
JJ electric,joy|surprise
VB alienated,sadness
VB distracted,anger
NN leave,sadness|surprise
NN custody,trust
VB dull,sadness
NN cage,sadness
VB discriminating,disgust
NN birthplace,anger
NN tribe,trust
NN worship,anticipation|fear|joy|trust
JJ failing,anger|anticipation|fear|sadness
NN bottom,sadness
NN thirteenth,fear
NN vendetta,anger|fear|sadness
VB cabal,fear
VB wallow,disgust|sadness
VB dispute,anger
VB lower,sadness
NN tetanus,disgust
JJ educational,trust
NN advocacy,anger|anticipation|joy|trust
NN dung,disgust
VB cage,sadness
VB spur,fear
VB weigh,anticipation|trust
JJ painful,anger|disgust|fear|sadness
NN black,sadness
VB ghost,fear
VB adjudicate,fear
JJ uncaring,anger|disgust|sadness
JJ disobedient,anger
NN watchdog,trust
JJ victimized,anger|disgust|fear|sadness|surprise
VB peril,anticipation|fear|sadness
JJ beastly,disgust|fear
JJ penitentiary,anger
NN calf,joy|trust
JJ bizarre,surprise
NN illegitimate,anger|disgust|fear|sadness|surprise
NN kick,anger
NN worthy,trust
NN dupe,anger
JJ devotional,trust
JJ bloody,anger|disgust|fear|sadness
NN mortality,anger|fear|sadness
NN bummer,anger|disgust
NN green,joy|trust
NN boil,disgust
NN greed,anger|disgust
VB dislike,anger|disgust
VB discord,anger|disgust
VB moan,fear|sadness
NN obedience,trust
NN canons,trust
NN rubble,fear|sadness
NN immorality,anger|disgust
JJ startling,surprise
VB crew,trust
NN dictionary,trust
VB frayed,sadness
NN cane,anger|fear
VB overwhelmed,sadness
VB advise,trust
NN advance,anticipation|fear|joy|surprise
JJ modest,trust
VB swear,trust
JJ irreconcilable,anger|fear|sadness
NN hangman,fear
JJ resultant,anticipation
NN pinion,fear
JJ disposed,anticipation|trust
VB corrupting,anger|disgust|fear|sadness
VB gambling,anticipation|surprise
NN shackle,anger|anticipation|disgust|fear|sadness
JJ devout,anticipation|joy|trust
JJ divergent,surprise
VB recline,trust
JJ attainable,anticipation
NN visionary,anticipation|joy|trust
VB thrill,anticipation|fear|joy|surprise
NN acquiring,anticipation
VB believing,trust
NN ordinance,trust
NN joker,joy|surprise
VB warned,anticipation|fear|surprise
JJ dastardly,anger|disgust|fear
VB indenture,anger
JJ quiet,sadness
NN sensuality,anticipation|joy
NN termination,sadness
NN bodyguard,trust
VB duel,anger|anticipation|fear
JJ larger,disgust|surprise|trust
NN masterpiece,joy
NN spectacular,anticipation|surprise
JJ soiled,disgust
VB lessen,anticipation
JJ nether,anger|fear|sadness
NN savagery,anger|fear
VB guess,surprise
NN organ,anticipation|joy
NN edict,fear
VB affront,anger|disgust|fear|sadness|surprise
NN possess,anticipation|joy|trust
JJ vegetative,disgust|sadness
NN verification,trust
NN airport,anticipation
NN court,anger|anticipation|fear
VB hiding,fear
NN glorification,joy
NN dishonesty,disgust
NN law,trust
VB mug,anger|fear|sadness
NN blame,anger|disgust
VB crap,disgust
VB jest,joy|surprise
VB patrol,trust
JJ formative,trust
NN widower,sadness
NN prevention,anticipation
VB jerk,anger|surprise
NN hostile,anger|disgust|fear
NN stamina,trust
NN saloon,anger
NN overthrow,anticipation|fear
NN rubbish,disgust
NN coming,anticipation
NN plummet,fear
NN legislator,trust
JJ general,trust
NN serial,anticipation
VB darkened,fear|sadness
NN deed,trust
JJ rhythmical,joy|surprise
VB strengthening,joy|trust
JJ impolite,disgust
NN paralysis,anger|anticipation|fear|sadness
NN surrogate,trust
NN jealousy,anger|disgust|fear|sadness
NN error,sadness
JJ mum,fear
VB darken,fear|sadness
JJ clerical,trust
VB usurped,anger|fear
JJ illegal,anger|disgust|fear|sadness
VB quarantine,fear
VB manure,disgust
VB experienced,trust
NN resignation,sadness|surprise
NN outhouse,disgust
NN helplessness,fear|sadness
VB delighted,anticipation|joy|surprise
JJ presto,joy|surprise
VB beautify,joy
NN dissension,anger
VB glitter,disgust|joy
JJ ungodly,sadness
NN applicant,anticipation
VB eagle,trust
VB spit,disgust
VB sneeze,disgust|surprise
NN symmetry,joy|trust
VB cripple,fear|sadness
NN affluence,joy
NN pessimism,anger|fear|sadness
JJ intended,anticipation
NN series,trust
NN raptors,fear
JJ afraid,fear
NN pessimist,fear|sadness
VB tighten,anger
NN grudge,anger
NN indecency,anger|disgust
NN steal,anger|fear|sadness
JJ meaningless,sadness
VB withstand,anticipation|fear
VB soiled,disgust
VB discriminate,anger|sadness
JJ connective,trust
JJ cumbersome,sadness
VB avalanche,fear|sadness|surprise
RB woefully,disgust|sadness
JJ changeable,anticipation|surprise
VB church,anticipation|joy|trust
RB vainly,disgust|sadness
NN aberration,disgust
VB escalate,anger
JJ homeless,anger|anticipation|disgust|fear|sadness
NN penitentiary,anger
VB pillage,anger|disgust|fear
VB spew,disgust
NN bout,anger
VB comfort,anticipation|joy|trust
VB slump,sadness
JJ lesser,disgust
NN gratitude,joy
NN spite,anger
NN majesty,trust
VB stagger,surprise
VB subjected,sadness
NN blast,anger|fear|surprise
JJ vicious,anger|disgust
JJ unwashed,disgust
NN disillusionment,anger|disgust|sadness
NN accounts,trust
NN infidelity,anger|disgust|fear|sadness
JJ nappy,disgust
JJ remiss,anger|disgust|sadness
JJ sterile,sadness
JJ bankrupt,fear|sadness
VB consort,trust
NN calls,anticipation|trust
NN battlefield,fear
NN cradle,anticipation|joy|trust
VB frustrated,anger
VB offset,anticipation
RB uphill,anticipation|fear
NN freedom,joy|trust
VB shiver,anger|anticipation|fear|sadness
JJ fell,sadness
NN kite,disgust
NN bully,anger|fear
JJ fatigued,sadness
NN trembling,fear
NN tarnish,disgust|sadness
NN legitimacy,trust
NN count,trust
NN kiss,anticipation|joy|surprise
JJ dispossessed,anger|fear|sadness
JJ vernal,joy
NN epitaph,sadness
VB spat,anger
VB invite,anticipation|joy|surprise|trust
NN bereavement,sadness
VB conjecture,anticipation
VB retaliate,anger
NN debt,sadness
JJ unfaithful,disgust
NN zeal,anticipation|joy|surprise|trust
NN offender,anger|disgust|fear|sadness
VB nag,anger
VB nap,joy
NN drivel,disgust
JJ upset,anger|sadness
NN spine,anger
VB nab,surprise
JJ protestant,fear
VB alienate,anger|disgust
NN vicar,trust
VB confine,anger|fear|sadness
JJ moody,anger|sadness
NN executioner,anger|fear|sadness
NN deal,anticipation|joy|surprise|trust
VB escort,trust
NN base,trust
VB jaundice,fear
VB worrying,anticipation|fear|sadness
VB advance,anticipation|fear|joy|surprise
NN toilet,disgust
VB wasted,anger|disgust
RB cautiously,fear
VB smelling,disgust
NN hurting,anger|fear|sadness
NN captor,fear
NN flinch,anticipation|disgust|fear|sadness|surprise
NN barf,disgust
VB hearing,fear
VB deluge,fear|sadness|surprise
NN frolic,joy
NN bark,anger
NN undertaker,sadness
NN arbiter,trust
NN loom,anticipation|fear
NN loon,disgust
NN restorative,anticipation|joy|trust
NN intrigue,anticipation|fear|surprise
NN barb,anger
VB enchant,anticipation|joy|surprise
JJ unsuspecting,surprise
JJ smelling,disgust
VB disgruntled,anger|disgust|sadness
NN worm,anticipation|surprise
JJ lumpy,disgust
VB store,anticipation
NN word,trust
VB rubbish,disgust
NN cover,trust
VB storm,anger
NN mate,trust
NN charity,joy
JJ deceitful,disgust|sadness
VB picketing,anger
JJ accidental,fear|surprise
NN cataract,anticipation|fear|sadness
NN derision,anger|disgust
NN lord,disgust|trust
JJ illiterate,disgust
NN smack,anger
NN bayonet,anger|fear
NN frustration,anger
NN hostilities,anger|fear
NN reverend,joy
NN tragedy,fear|sadness
JJ barbaric,anger|disgust|fear
VB demolish,anger|sadness
JJ laureate,trust
NN moorings,trust
NN fasting,sadness
VB swelling,fear
JJ protected,trust
JJ apologetic,trust
VB digress,anticipation
JJ stricken,sadness
NN blaze,anger
VB stomach,disgust
NN cuckold,disgust
VB fell,sadness
VB massage,joy
VB jarring,fear|sadness
JJ unverified,anticipation
JJ worrying,anticipation|fear|sadness
JJ uneducated,sadness
NN excitement,anticipation|joy|surprise
JJ impartial,trust
JJ forlorn,sadness
NN parole,anticipation
JJ rapid,surprise
NN expedient,joy|trust
NN integrity,trust
NN lost,sadness
NN manipulation,anger|fear
VB confide,trust
VB anger,anger
NN loss,anger|fear|sadness
NN glitter,disgust|joy
NN plagiarism,disgust
JJ kind,joy|trust
NN poison,anger|disgust|fear|sadness
RB verily,trust
NN uplift,anticipation|joy|trust
JJ blatant,anger|disgust
VB disgraced,anger|disgust|sadness
NN theism,disgust
VB console,sadness
NN prostitute,disgust
VB kidnap,anger|fear|sadness|surprise
JJ mucous,disgust
VB picnic,anticipation|joy|surprise|trust
JJ agitated,anger
VB disheartening,sadness
JJ bountiful,anticipation|joy
NN regiment,fear
VB conjure,anticipation|surprise
NN love,joy
JJ vigilant,fear|trust
VB network,anticipation
VB distrust,anger|disgust|fear
NN negro,sadness
NN retard,disgust|fear|sadness
JJ theological,trust
JJ unconstrained,joy
NN mosque,anger
RB good,anticipation|joy|surprise|trust
JJ broke,fear|sadness
VB cooperating,trust
NN pretending,anger
JJ mocking,anger|disgust|sadness
NN encroachment,fear
NN disservice,anger|disgust|sadness
JJ pungent,disgust
NN luster,joy
NN death,anger|anticipation|disgust|fear|sadness|surprise
NN excrement,disgust
NN mail,anticipation
NN pry,anger|anticipation|trust
VB appalling,disgust|fear
JJ unnatural,disgust|fear
NN fungus,disgust
NN adventure,anticipation
VB prolong,disgust
VB growl,anger|fear
JJ grave,fear|sadness
NN bait,fear|trust
JJ unsteady,fear
NN tumult,anger|fear|surprise
NN darkness,anger|fear|sadness
VB displaced,anger|fear|sadness
RB flop,disgust|sadness
NN suspicion,fear
JJ festive,joy
NN shortage,anger|fear|sadness
NN balm,anticipation|joy
NN cowardice,fear
VB agitated,anger
NN ogre,disgust|fear
VB exceed,anticipation|joy
NN bale,fear
NN indignation,anger|disgust
VB expecting,anticipation
JJ incurable,anger|disgust|fear|sadness
VB evacuate,fear
NN machine,trust
NN radar,trust
NN reject,anger|fear|sadness
NN hemorrhage,disgust|fear|sadness
NN young,anticipation|joy|surprise
VB teasing,anger|fear
JJ impermeable,anger|fear
VB measure,trust
VB disapproving,anger|disgust|sadness
NN star,anticipation|joy|trust
VB smiling,joy
NN sheriff,trust
VB denounce,anger|disgust
NN believer,trust
JJ manual,trust
VB skid,anger|fear|sadness
NN stab,anger|fear|sadness|surprise
NN cartridge,fear
NN bane,anger|disgust|fear
NN bang,anger|disgust|fear|sadness|surprise
NN bank,trust
NN income,anticipation|joy|sadness|trust
JJ lamenting,sadness
NN infirmity,fear
NN strength,trust
NN wont,anticipation
JJ parietal,trust
VB ruined,anger|disgust|fear|sadness
NN virginity,anticipation
JJ isolated,fear|sadness
NN hydra,fear
VB fear,anger|fear
NN rupture,fear|sadness|surprise
NN lunatic,anger|disgust|fear
VB loving,joy|trust
NN scar,anger|disgust|fear|sadness
NN defection,fear
VB enchanted,joy|trust
NN pus,disgust
NN goodness,anticipation|joy|surprise|trust
NN gutter,disgust
JJ inferior,sadness
NN manual,trust
NN bacterium,disgust|fear
VB conspire,fear
VB cracked,anger|fear
NN congressman,trust
NN cannon,anger|fear
NN momentum,anticipation
NN belligerent,anger|fear
JJ neutral,anticipation|trust
JJ influential,trust
NN analyst,anticipation|trust
VB shackle,anger|anticipation|disgust|fear|sadness
VB combat,anger|fear
NN ulcer,anger|disgust|fear|sadness
NN placard,surprise
NN arrival,anticipation
VB disgrace,anger|disgust|sadness
NN heathen,fear
VB ooze,disgust
VB ambition,anticipation|joy|trust
NN bovine,disgust
VB squall,fear|sadness
NN angina,fear
VB interested,disgust|sadness
NN governess,trust
JJ dominant,fear
NN prestige,joy|trust
VB avoid,fear
NN sloth,disgust
VB mire,disgust
RB awful,anger|disgust|fear|sadness
NN toast,joy
NN immortality,anticipation
NN abduction,fear|sadness|surprise
NN famine,sadness
VB grasping,anticipation
JJ grasping,anticipation
VB cuddle,joy|trust
NN sweetheart,anticipation|joy|sadness|trust
VB amuse,joy
VB delay,anger|disgust|fear|sadness
VB pique,anger
VB clue,anticipation
NN enthusiasm,anticipation|joy|surprise
NN robbery,anger|disgust|fear|sadness
NN betrayal,anger|disgust|sadness
NN radiation,fear
NN explosion,fear|surprise
NN enthusiast,anticipation|joy|surprise
JJ austere,fear|sadness
VB marshal,trust
NN caries,disgust
NN unrest,fear|sadness
VB hit,anger
NN sedition,anger|sadness
NN scum,disgust
VB abuse,anger|disgust|fear|sadness
NN headlight,anticipation
JJ dull,sadness
RB marvelously,joy
NN trustee,trust
NN monochrome,disgust
VB resign,anger|disgust|fear|sadness
VB draft,anticipation
NN oppression,anger|disgust|fear|sadness
NN soundness,anticipation|joy|trust
JJ futile,sadness
VB begun,anticipation
VB beating,anger|fear|sadness
VB dove,anticipation|joy|trust
JJ healing,anticipation|joy|trust
VB respite,joy|trust
VB bitch,anger|disgust|fear|sadness
VB pawn,trust
NN smash,anger|fear
JJ dependent,trust
VB surge,surprise
JJ fugitive,anger|disgust|fear|sadness|trust
VB autopsy,disgust|fear|sadness
VB steady,surprise|trust
VB interrupted,sadness
JJ efficient,anticipation|trust
JJ entertained,joy
JJ sticky,disgust
VB hog,disgust
NN assignee,trust
VB award,anticipation|joy|surprise|trust
NN steward,trust
NN tender,joy|trust
JJ prohibited,anger|disgust|fear
NN sunshine,joy
VB fault,sadness
VB incite,anger|anticipation|fear
NN yelp,anger|fear|surprise
JJ lyrical,joy
NN yell,anger|fear|surprise
VB escape,anticipation|fear
VB school,trust
NN purity,surprise
JJ deserted,anger|disgust|fear|sadness
NN tranquility,joy|trust
NN forfeit,anger|sadness
VB stinking,disgust
NN dictator,fear
JJ alienated,sadness
JJ tender,joy|trust
NN microscope,trust
RB assuredly,trust
VB alarm,fear|surprise
NN thermocouple,anticipation
NN chaff,anger|fear
NN disapproval,sadness
VB mill,anticipation
JJ entertaining,anticipation|joy
JJ innocent,trust
RB confidentially,trust
VB verge,anticipation|fear
VB wither,sadness
JJ separatist,anger|disgust
VB desist,anger|disgust
JJ disqualified,anger|disgust|sadness
JJ hypocritical,disgust
VB prevent,fear
JJ unimportant,sadness
JJ combatant,anger|fear
NN emergency,fear|sadness|surprise
JJ crisp,trust
NN kitten,joy|trust
VB pare,anger|anticipation|fear|sadness
NN evasion,fear|sadness
NN argumentation,anger
NN malignancy,fear|sadness
NN harlot,disgust
JJ restorative,anticipation|joy|trust
NN retirement,anticipation|fear|joy|sadness|trust
NN offense,anger|disgust|fear|sadness
JJ grievous,anger|fear|sadness
NN motherhood,joy|trust
JJ injurious,anger|fear|sadness
VB warning,fear
JJ passionate,anticipation|joy|trust
NN slavery,anger|disgust|fear|sadness
JJ nutritious,sadness
NN suffering,disgust|fear|sadness
NN explosive,anger|anticipation|fear|surprise
VB treasure,anticipation|joy|trust
VB humiliate,anger|sadness
NN orgasm,anticipation|joy
JJ musical,anger|anticipation|joy|sadness|surprise|trust
NN consistency,trust
NN badger,anger
VB trespass,anger
VB doom,fear
VB deserted,anger|disgust|fear|sadness
JJ hermaphrodite,surprise
NN prank,surprise
NN radon,fear
VB fuss,anger|sadness
JJ crying,sadness
NN gazette,trust
JJ carnivorous,fear
NN recombination,anticipation
VB stools,disgust
JJ tearful,disgust|fear|sadness
VB defraud,anger|disgust
NN crunch,anger
NN rheumatism,anger|fear|sadness
VB degrading,disgust|fear|sadness
NN consternation,anger|fear
JJ evident,trust
VB disallowed,anger|disgust|fear|sadness
JJ antiseptic,trust
NN crying,sadness
NN difficulty,anger|fear|sadness
VB fuse,trust
NN deceased,sadness
NN badness,anger|disgust|fear
JJ camouflaged,surprise
NN ghetto,disgust|fear|sadness
NN tributary,anticipation
JJ engaged,anticipation|joy|trust
VB await,anticipation
JJ uncontrollable,anger|anticipation|surprise
VB spirits,anticipation|joy|surprise
JJ genuine,trust
NN system,trust
NN doomsday,anger|anticipation|disgust|fear|sadness
VB stone,anger
VB rollicking,joy
NN polarity,surprise
JJ abysmal,sadness
VB govern,trust
JJ leaning,trust
NN quickness,surprise
VB hug,joy|trust
VB reverence,joy|trust
NN wages,joy
NN brute,anger|fear|sadness
JJ apathetic,sadness
NN chant,anger|anticipation|joy|surprise
NN launch,anticipation
JJ scarce,fear|sadness
NN found,joy|trust
VB shattered,sadness
VB horrifying,disgust|fear|sadness
RB shockingly,surprise
NN chaos,anger|fear|sadness
VB pain,fear|sadness
VB funk,sadness
JJ obnoxious,anger|disgust|sadness
VB towering,anticipation|fear
JJ practiced,joy|surprise|trust
JJ intact,trust
VB plague,disgust|fear|sadness
JJ tantamount,trust
JJ phony,anger|disgust
NN communication,trust
VB deflate,anger|sadness
NN tariff,anger|disgust
JJ sage,trust
NN fighting,anger
VB bias,anger
JJ unforgiving,anger|sadness
VB persuade,trust
VB deport,fear|sadness
NN adversity,anger|fear|sadness
NN assurance,trust
NN decay,fear|sadness
NN suspension,fear
VB aspiring,anticipation|joy|trust
JJ chance,surprise
NN orchestra,anger|joy|sadness|trust
NN injury,anger|fear|sadness
NN chart,trust
NN alien,disgust|fear
JJ adorable,joy
VB acquiring,anticipation
NN birthday,anticipation|joy|surprise
JJ brazen,anger
NN fender,trust
NN alertness,anticipation|fear|surprise
VB recommend,trust
NN inquiry,anticipation
NN chasm,fear
NN arbitration,anticipation
NN insurrection,anger
JJ safe,joy|trust
JJ flagrant,anger|disgust
VB clap,anticipation|joy|trust
JJ satanic,anger
VB detract,anger
JJ verified,trust
NN rat,disgust|fear
JJ ugly,disgust
NN mystery,anticipation|surprise
VB apprentice,trust
NN faeces,disgust
NN buffet,anger
VB claw,anger|fear
NN brunt,anger
NN elders,trust
NN impurity,disgust
JJ hearing,fear
NN crushing,anger|disgust|fear
VB prey,fear
NN letter,anticipation
NN ram,anger|anticipation
VB verified,trust
VB proctor,trust
NN sneer,anger|disgust
NN closure,anticipation|joy|sadness
JJ teasing,anger|fear
JJ inconsequential,sadness
VB groan,disgust|sadness
VB mutiny,anger|disgust|fear|surprise
NN cross,anger|fear|sadness
VB distress,anger|disgust|fear|sadness|surprise
VB forsake,sadness
VB riddle,surprise
JJ curable,trust
NN skirmish,anger
NN gelatin,disgust
NN severance,sadness
VB hypertrophy,disgust|fear|surprise
VB worship,anticipation|fear|joy|trust
NN bribery,disgust
NN change,fear
VB birch,anger|disgust|fear
JJ seductive,anticipation
JJ professional,trust
JJ pop,surprise
VB continue,anticipation|trust
VB arrive,anticipation
VB invoke,anticipation
JJ inaugural,anticipation
NN felicity,joy
NN hatred,anger|disgust|fear|sadness
JJ humanitarian,anticipation|joy|surprise|trust
NN infanticide,anger|anticipation|disgust|fear|sadness
JJ threatening,anger|disgust|fear
JJ slimy,disgust
VB skewed,anger|anticipation
VB pray,anticipation|fear|joy|surprise|trust
NN sneak,anger|fear|surprise
VB hap,anticipation|surprise
NN grammar,trust
JJ traumatic,anger|fear|sadness
JJ good,anticipation|joy|surprise|trust
NN reprisal,anger|fear|sadness
VB salute,joy
NN determination,trust
JJ hazardous,fear
VB deceived,anger
VB holiday,anticipation|joy
JJ interior,disgust|trust
JJ stinking,disgust
JJ merciless,fear
JJ abnormal,disgust
NN haze,fear
NN fanaticism,fear
NN fiesta,anticipation|joy|surprise|trust
VB camouflage,surprise
JJ objective,anticipation|trust
NN team,trust
JJ aspiring,anticipation|joy|trust
VB celebrating,anticipation|joy
NN damages,sadness
NN lawsuit,anger|disgust|fear|sadness|surprise
VB concord,trust
NN smother,anger
JJ towering,anticipation|fear
JJ infrequent,surprise
VB savage,anger|fear
JJ unfair,anger|disgust|sadness
VB destroyed,anger|fear|sadness
JJ grizzly,fear
JJ unruly,anger|disgust|fear
NN improvement,joy|trust
NN repulsion,disgust|fear
JJ abandoned,anger|fear|sadness
JJ disclosed,trust
JJ pointless,sadness
VB escaped,fear
VB raving,anger|anticipation|fear|joy|surprise
NN misfortune,fear|sadness
NN pity,sadness
JJ omniscient,trust
NN pith,trust
NN statement,trust
JJ polemic,anger|disgust
JJ disgusting,anger|disgust|fear
NN pandemic,fear|sadness
NN burglar,disgust|fear
NN dietary,anticipation
NN mountain,anticipation
NN moderator,trust
VB lodging,trust
NN expulsion,anger|disgust|fear|sadness
NN madness,anger|fear
JJ geriatric,sadness
NN surveillance,fear
NN magnificence,anticipation|joy|trust
NN neighborhood,anticipation
NN taint,sadness
VB malign,anger|disgust
VB restrict,sadness
NN unhappiness,sadness
RB fairly,trust
NN bartender,trust
JJ unresolved,anticipation
NN decoy,surprise
NN rot,disgust|fear|sadness
NN baby,joy
NN row,anger
NN rod,fear|trust
NN praise,joy|trust
VB hurry,anticipation
JJ disliked,anger|sadness
JJ deplorable,anger|disgust|fear|sadness
VB discontent,anger|disgust|fear|sadness
VB grope,anger|disgust|fear
VB overjoyed,joy
JJ reluctant,fear
VB tramp,disgust|fear|sadness
NN mourning,sadness
VB substantiate,trust
NN festival,anticipation|joy|surprise
JJ prescient,anticipation
NN desecration,anger|disgust|fear|sadness
VB dominate,anger|fear
JJ defunct,sadness
NN postponement,surprise
NN misery,anger|disgust|fear|sadness
JJ paralyzed,anger|fear|sadness|surprise
NN artillery,fear
VB surrender,fear|sadness
VB flounder,fear|sadness
NN prognostic,anticipation
NN alb,trust
NN exorcism,fear|sadness
NN youth,anger|anticipation|fear|joy|surprise
NN manifestation,fear
VB chirp,joy
NN unfortunate,sadness
NN mace,fear
JJ devilish,disgust|fear
NN remove,anger|fear|sadness
NN immovable,trust
NN infinity,anticipation|joy|trust
NN break,surprise
NN scapegoat,anger|fear
JJ cosmopolitan,trust
NN vulture,disgust|fear
NN appalling,disgust|fear
NN irritability,anger
JJ upright,trust
VB contaminated,disgust|fear|sadness
NN casket,fear|sadness
VB serve,trust
VB humbug,anger|disgust|sadness
NN chance,surprise
VB nurture,anger|anticipation|disgust|fear|joy|trust
NN ready,anticipation
JJ cogent,trust
VB scolding,anger
VB clean,joy|trust
NN astronomer,anticipation
VB poaching,anger|disgust|fear|sadness
NN cholera,disgust|fear|sadness
VB gross,disgust
NN destroyer,anger|fear
VB isolated,fear|sadness
NN stalemate,anger|disgust
NN invocation,anticipation|trust
JJ premature,surprise
VB smile,joy|surprise|trust
VB cupping,disgust|fear|sadness
NN disagreement,anger|sadness
NN reverence,joy|trust
NN embarrassment,fear|sadness|surprise
RB scorching,anger
NN referee,trust
VB compress,anger
JJ surprised,surprise
JJ predominant,trust
NN flagship,trust
NN wring,anger
VB decomposed,sadness
NN opponent,anger|anticipation|disgust|fear
JJ unreliable,trust
JJ picturesque,joy
NN compliance,trust
NN cult,fear
VB adventure,anticipation
VB governess,trust
NN regularity,anticipation|trust
JJ sympathetic,fear|joy|sadness|trust
VB plunder,anger|disgust|fear|sadness|surprise
VB trash,disgust|sadness
JJ favorite,joy|trust
NN beggar,sadness
VB specialize,trust
NN renovation,anticipation|joy
JJ crabby,anger
JJ hoary,sadness
NN bankruptcy,anger|disgust|fear|sadness
JJ thumping,fear
RB differently,surprise
VB muddy,disgust
NN unity,trust
VB hurrah,joy
NN kindred,anticipation|joy|trust
NN repellant,disgust|fear
VB weep,sadness
VB alarming,fear|surprise
NN earthquake,anger|fear|sadness|surprise
NN ridicule,anger|disgust|sadness
NN disrespect,anger
JJ trashy,disgust
JJ brilliant,anticipation|joy|trust
NN ceremony,joy|surprise
VB leer,disgust
NN forearm,anger|anticipation
JJ cowardly,fear
VB creeping,anticipation
NN dominion,fear|trust
NN dismemberment,disgust|fear|sadness
VB cherish,anticipation|joy|surprise|trust
NN sequel,anticipation
NN misbehavior,anger|disgust|surprise
NN banquet,anticipation|joy
VB sinning,disgust
NN quest,anticipation
VB boxing,anger
JJ buried,fear|sadness
JJ prudent,trust
NN usher,trust
JJ despicable,anger|disgust
NN struggle,anger|fear|sadness
JJ committed,trust
JJ brutal,anger|fear
NN rising,anticipation|joy
NN squirm,disgust
VB perfect,anticipation|joy|trust
VB conflict,anger|fear|sadness
VB birth,anticipation|fear|joy|trust
NN announcement,anticipation
VB wear,trust
VB murder,anger|disgust|fear|sadness|surprise
JJ alarming,fear|surprise
NN stroke,fear|sadness
NN ail,sadness
JJ insecure,anger|fear|sadness
NN secrecy,surprise|trust
NN hardship,sadness
NN throne,trust
NN allegiance,trust
NN excretion,disgust
JJ disparaging,anger|disgust|sadness
JJ taboo,disgust|fear
JJ habitual,anticipation
VB gut,disgust
VB humble,disgust|sadness
NN counsel,trust
NN cube,trust
NN respect,anticipation|joy|trust
VB smite,anger|fear|sadness
VB encourage,joy|trust
NN bewilderment,fear|surprise
JJ thoughtless,anger|disgust
VB gun,anger|fear
VB disliked,anger|sadness
NN burial,anger|fear|sadness
JJ unclean,disgust
NN discipline,fear
JJ cursed,anger|fear|sadness
JJ ungrateful,anger|disgust
VB thumping,fear
JJ hairy,disgust
VB paralyzed,anger|fear|sadness|surprise
NN winner,anticipation|joy|surprise
NN sectarian,anger|fear
JJ worsening,disgust|sadness
NN intercession,trust
JJ helpless,fear|sadness
VB expire,sadness
NN bran,disgust
NN aga,fear|trust
JJ impending,anticipation|fear
JJ belligerent,anger|fear
NN gateway,trust
VB hiss,anger|fear
VB brighten,joy|surprise|trust
VB labor,anticipation|joy|surprise|trust
NN impossible,sadness
NN dissection,disgust
JJ humbled,sadness
JJ preliminary,anticipation
NN blues,fear|sadness
JJ leading,trust
NN bursary,trust
NN worse,fear|sadness
VB hunting,anger|anticipation|fear
VB purr,joy|trust
NN cashier,trust
VB safeguard,trust
NN worry,anticipation|fear|sadness
NN epidemic,anger|anticipation|disgust|fear|sadness|surprise
JJ pleasurable,joy
JJ wrongful,anger|disgust|sadness
NN forecast,anticipation|trust
JJ impressionable,trust
NN fortress,fear|sadness|trust
JJ axiomatic,trust
JJ grating,anger|disgust
VB broil,anger
VB damn,anger|disgust
VB misplace,anger|disgust
NN inability,sadness
NN banishment,anger|disgust|sadness
VB adhering,trust
NN resection,fear
JJ crucial,trust
NN nun,trust
NN glimmer,anticipation|joy|surprise
NN level,trust
NN setback,sadness
NN triumph,anticipation|joy
NN levee,trust
NN appendicitis,fear|sadness
JJ frenetic,anger|fear|surprise
NN transcendence,anticipation|joy|surprise|trust
VB supporting,trust
NN religion,trust
JJ annihilated,anger|fear|sadness
VB entertaining,anticipation|joy
VB disappoint,anger|disgust|sadness
JJ glad,anticipation|joy
VB broke,fear|sadness
NN deprivation,anger|disgust|fear|sadness
VB lick,disgust
NN scourge,anger|fear|sadness
VB decompose,disgust
NN elbow,anger
VB concealed,anticipation|fear|surprise
NN expletive,anger
JJ intoxicated,disgust
VB punt,anticipation
NN tempest,anger|anticipation|fear|sadness|surprise
NN challenge,anger|fear
NN vampire,anger|disgust|fear
JJ indivisible,trust
VB smut,disgust|fear
NN lament,disgust|fear|sadness
VB crumbling,sadness
NN signature,trust
NN displeasure,disgust
NN clock,anticipation
NN hell,anger|disgust|fear|sadness
VB evict,sadness
JJ erotic,anticipation|joy|surprise|trust
NN tutelage,trust
NN revere,anticipation|joy|trust
NN thought,anticipation
VB remedy,anticipation|joy|trust
NN preponderance,trust
NN bargain,trust
NN pastry,joy
NN county,trust
JJ elegant,joy
VB demise,fear|sadness
NN remorse,sadness
NN amortization,trust
NN basketball,anticipation|joy
NN absentee,sadness
VB liberate,anger|anticipation|joy|surprise|trust
VB destroying,anger|fear|sadness
VB assured,trust
VB underestimate,surprise
JJ escaped,fear
VB slaughtering,anger|disgust|fear|sadness|surprise
VB puke,disgust
JJ animated,joy
NN measles,disgust|fear|sadness
JJ nefarious,disgust|fear|sadness|surprise
JJ asserting,trust
NN debacle,fear|sadness
NN nothingness,sadness
VB cussed,anger
NN emancipation,anticipation|joy
VB linger,anticipation
VB strained,anger
JJ jovial,joy
NN garden,joy
VB delight,anticipation|joy
NN damnation,anger|fear|sadness
NN stretcher,fear|sadness
NN constancy,trust
VB label,trust
NN visitor,anticipation|joy
VB career,anticipation
NN regurgitation,disgust
VB instruct,trust
NN sludge,disgust
NN relics,sadness
NN remains,disgust|fear|trust
VB overload,sadness
VB bugle,anticipation
NN credential,trust
VB defect,anger
JJ philanthropic,trust
NN erotic,anticipation|joy|surprise|trust
JJ iron,trust
VB TRUE,joy|trust
NN seal,trust
NN sentinel,trust
JJ evergreen,joy|trust
NN shudder,fear
VB captivate,anticipation|joy|surprise|trust
JJ screaming,anger|disgust|fear
NN oblivion,anger|fear
RB smash,anger|fear
JJ wishful,anticipation
NN conciliation,joy|trust
VB coax,trust
JJ unsatisfied,disgust|sadness
NN benefactor,trust
VB inviting,anticipation|joy|surprise|trust
JJ disrespectful,anger|disgust|fear|sadness
NN bridesmaid,joy|trust
NN prologue,anticipation
JJ reputable,trust
NN cutthroat,anger|fear
JJ perfect,anticipation|joy|trust
RB shortly,anticipation
NN badge,trust
NN contagion,anticipation|disgust|fear
NN inequality,anger|fear|sadness
VB veto,anger
VB oblige,trust
NN aspiration,anticipation|joy|surprise|trust
JJ recreational,anticipation|joy
JJ captive,fear|sadness
NN sucker,anger
VB disqualified,anger|disgust|sadness
VB snarling,anger
NN weight,anticipation|disgust|fear|joy|sadness|surprise|trust
NN heft,anticipation|fear
NN serpent,disgust|fear
NN weeds,sadness
VB beware,anticipation|fear
NN seek,anticipation
JJ agreeable,trust
JJ exigent,anticipation|disgust|fear|surprise
NN pirate,anger
NN mortuary,fear|sadness
NN climax,anticipation|joy|surprise|trust
VB flesh,disgust
NN antipathy,anger|disgust
NN gusset,trust
NN whirlwind,fear
NN ringer,anger
VB crisp,trust
VB score,anticipation|joy|surprise
JJ miraculous,joy|surprise
VB quote,anticipation|surprise
VB chagrin,disgust|sadness
NN brothel,disgust
NN magnet,trust
NN splash,surprise
NN congruence,trust
VB joy,joy
VB diminish,sadness
VB ashes,sadness
NN battle,anger
NN grandchildren,anticipation|joy|trust
NN volunteers,trust
VB interrupt,anger|surprise
JJ lonely,anger|disgust|fear|sadness
NN parade,anticipation|fear|joy|surprise
JJ aghast,disgust|fear|surprise
NN intuition,trust
NN shipwreck,fear|sadness
NN shell,anger|fear|sadness|surprise
JJ surly,anger|disgust
VB scorn,anger
NN accountant,trust
NN brother,trust
VB atrophy,disgust|fear|sadness
VB concerned,fear|sadness
NN involvement,anger
VB rifle,anger|fear
VB stalemate,anger|disgust
JJ irreparable,fear|sadness
JJ scandalous,anger
JJ unbearable,disgust|sadness
JJ incendiary,anger|fear|surprise
NN words,anger
VB vent,anger
NN judgment,surprise
VB snort,sadness
JJ smiling,joy
JJ outrageous,surprise
JJ aggravating,anger|sadness
VB saint,anticipation|joy|surprise|trust
JJ formidable,fear
JJ fatty,disgust|sadness
VB slime,disgust
JJ suicidal,anger|disgust|fear|sadness
VB harrowing,fear
NN wizard,anticipation|surprise
NN concordance,trust
NN cacophony,anger|disgust
NN dealings,trust
JJ helpful,joy|trust
VB languishing,fear|sadness
NN monogamy,trust
VB defend,fear
JJ offensive,anger|disgust
NN grief,sadness
NN infestation,disgust|fear
NN fulfillment,anticipation|joy|trust
JJ aching,sadness
JJ neurotic,disgust|fear
NN chuckle,anticipation|joy|surprise|trust
RB immediately,anticipation
NN daily,anticipation
JJ evil,anger|disgust|fear|sadness
NN paranoia,fear
NN waffle,anger|sadness
NN mule,anger|trust
NN romanticism,joy
NN obstacle,anger|fear|sadness
VB endeavor,anticipation
NN rebel,anger|fear
NN jurist,trust
NN butcher,anger|disgust|fear
NN possession,anger|disgust|fear
NN tremor,anger|anticipation|fear|sadness
NN animus,anger
VB esteem,joy|sadness|trust
VB accusing,anger|fear
VB untie,joy
VB approve,joy|trust
NN friction,anger
JJ perilous,anticipation|fear|sadness
VB grave,fear|sadness
NN wait,anticipation
NN homeless,anger|anticipation|disgust|fear|sadness
NN baboon,disgust
NN wail,fear|sadness
VB deserve,anger|anticipation|trust
NN variable,surprise
JJ sovereign,trust
JJ concerned,fear|sadness
RB miserably,sadness
NN sympathy,sadness
VB wench,anger|disgust
JJ angry,anger|disgust
JJ impenetrable,trust
JJ collateral,trust
NN prognosis,anticipation|fear
VB torpedo,anger
NN aggravation,anger|disgust
NN conglomerate,trust
NN necessity,sadness
NN parrot,disgust
NN astrologer,anticipation
VB bellows,anger
NN encumbrance,anger|fear|sadness
NN strengthening,joy|trust
JJ ardent,anticipation|joy
JJ delusional,anger|fear
VB despair,anger|disgust|fear|sadness
VB spear,anger|anticipation|fear
JJ advisable,trust
NN torment,anger|fear|sadness
NN muck,disgust
NN batter,anger|fear
JJ stone,anger
JJ cautious,anticipation|fear|trust
NN collision,anger
NN conjecture,anticipation
NN endowment,trust
JJ voluptuous,anticipation|joy
VB curse,anger|disgust|fear|sadness
JJ surrogate,trust
VB whip,anger
NN thug,anger|disgust|fear
RB smack,anger
VB veer,fear|surprise
VB damage,anger|disgust|sadness
JJ apostolic,trust
JJ obliging,anger|anticipation|disgust|fear|joy|surprise|trust
NN auditor,fear|trust
NN hero,anticipation|joy|surprise|trust
NN buck,fear|surprise
JJ depraved,anger|anticipation|disgust|fear|sadness
NN knell,fear|sadness
JJ boisterous,anger|anticipation|joy
NN defender,trust
NN projectile,fear
NN creature,disgust|fear
VB thresh,anger|fear|sadness
JJ obstructive,anger
NN ballot,anticipation|trust
JJ intense,anger|disgust|fear|joy|surprise|trust
JJ jarring,fear|sadness
VB treat,anger|anticipation|disgust|fear|joy|sadness|surprise|trust
JJ incestuous,disgust
JJ offended,anger|sadness
JJ occasional,surprise
NN manslaughter,anger|disgust|fear|sadness|surprise
JJ contagious,disgust|fear
NN elimination,anger|disgust|fear|sadness
VB mistaken,fear
JJ abject,disgust
JJ authentic,joy|trust
JJ turbulent,fear
VB speck,disgust
VB unfold,anticipation
NN comptroller,trust
NN lace,anger|fear|sadness|trust
JJ sceptical,trust
JJ luscious,anticipation|joy
JJ shattered,sadness
NN friendship,joy|trust
NN hardy,joy|trust
VB provoking,anger|disgust
JJ abhorrent,anger|disgust|fear
NN mutter,anger
NN philanthropist,trust
VB grant,anticipation|joy|trust
JJ unable,sadness
NN celebrity,anger|anticipation|disgust|joy|surprise|trust
NN mistake,sadness
NN sonnet,joy|sadness
NN obi,disgust|fear
NN darling,joy|trust
VB denying,anticipation
NN beauty,joy
NN counselor,trust
NN surrender,fear|sadness
NN melodrama,anger|sadness
NN instructions,anticipation|trust
JJ demonstrative,joy|sadness
NN blanket,trust
NN muff,anger|disgust
NN thirst,anticipation|sadness|surprise
VB glory,anticipation|joy|trust
JJ muddy,disgust
VB anguish,anger|fear|sadness
NN safekeeping,trust
RB mighty,anger|fear|joy|trust
JJ angelic,joy|trust
NN auction,anticipation
NN rack,sadness
VB synchronize,anticipation|joy|surprise|trust
VB screaming,anger|disgust|fear
NN avalanche,fear|sadness|surprise
NN animosity,anger|disgust|fear|sadness
JJ forgotten,fear|sadness
NN blunder,disgust|sadness
NN disabled,fear|sadness
JJ cautionary,fear
VB resent,anger
NN relapse,fear|sadness
VB humbled,sadness
JJ public,anticipation
JJ fatal,anger|fear|sadness
VB risk,anticipation|fear
NN council,anticipation|trust
NN laughter,anticipation|joy|surprise
VB bunker,fear
NN outcast,disgust|fear|sadness
VB disposed,anticipation|trust
NN disappointment,disgust|sadness
VB slum,disgust
NN center,trust
VB slur,anger|disgust|sadness
NN canker,anger|disgust
NN crocodile,fear
RB beastly,disgust|fear
NN polio,fear|sadness
NN suspect,fear
JJ hellish,anger|disgust|fear|sadness
VB slug,disgust
JJ approaching,anticipation
JJ corrosive,fear
JJ unquestioned,trust
NN eruption,anger|fear|surprise
JJ humorous,joy
NN grin,anticipation|joy|surprise|trust
NN rags,disgust
NN grit,trust
JJ destined,anticipation
NN fatality,fear|sadness
JJ constant,trust
NN structure,trust
NN syringe,fear
JJ auspicious,anticipation|joy
JJ warning,fear
NN devil,anger|anticipation|disgust|fear|sadness
NN rage,anger
JJ reticent,fear
NN hulk,disgust
VB shoulder,trust
VB riot,anger|fear
NN malfeasance,disgust
NN turmoil,anger|fear|sadness
NN tough,sadness
NN gage,trust
VB jaws,fear
NN assassination,anger|fear|sadness
VB scoff,anger|disgust
NN plan,anticipation
JJ truthful,trust
JJ understanding,trust
JJ phantom,fear
NN rail,anger|anticipation
JJ trembling,fear
NN plea,anticipation|fear|sadness
NN raid,anger|fear|surprise
NN problem,fear|sadness
VB assure,trust
NN undesirable,anger|disgust|fear|sadness
NN sump,disgust
NN mandarin,trust
NN hospice,sadness
JJ indefensible,fear
VB horse,trust
VB leading,trust
VB jab,anger
JJ unfavorable,disgust|sadness
NN gain,anticipation|joy
NN tussle,anger
NN sorcery,anticipation|fear|surprise
VB vindicate,anger
JJ wizard,anticipation|surprise
JJ senile,fear|sadness
JJ diplomatic,trust
NN chicane,anticipation|surprise|trust
NN government,fear
VB trump,surprise
JJ resplendent,joy
VB slop,disgust
NN clown,anticipation|joy|surprise
JJ benign,joy
NN torrent,fear
NN carnage,anger|disgust|fear|sadness|surprise
NN phlegm,disgust
NN public,anticipation
NN fortitude,joy|trust
NN abomination,anger|disgust|fear
JJ gross,disgust
VB confess,trust
NN bonus,anticipation|joy|surprise
NN rivalry,anger
NN fancy,anticipation|joy
NN girder,trust
VB localize,anticipation
JJ abundant,joy
NN inoculation,anticipation|trust
NN memorials,sadness
NN approaching,anticipation
JJ center,trust
NN reconciliation,anticipation|joy|trust
JJ successful,anticipation|joy|trust
VB engaged,anticipation|joy|trust
NN ranger,trust
NN guard,fear|trust
VB scold,anger|disgust|fear|sadness
NN respects,trust
NN dagger,fear
NN nest,trust
VB pained,fear|sadness
JJ renegade,anger
NN cess,disgust
NN disobedience,anger|disgust
NN tackle,anger|surprise
NN delirium,disgust|sadness
NN grab,anger
VB tussle,anger
JJ vanished,fear|sadness|surprise
NN ugliness,disgust|fear|sadness
NN deterioration,anger|disgust|fear|sadness
NN grime,disgust
VB taught,trust
JJ attendant,trust
VB unseat,sadness
JJ elite,anticipation|joy|trust
NN catechism,disgust
JJ worried,sadness
VB happen,anticipation
VB slip,surprise
NN scoundrel,anger|disgust|fear|trust
VB attack,anger|fear
VB gift,anticipation|joy|surprise
VB truss,trust
VB intimate,anticipation|joy|trust
NN formative,trust
VB trust,trust
JJ confined,anger|disgust|fear|sadness
JJ concealed,anticipation|fear|surprise
NN huff,anger|disgust
JJ negative,sadness
VB regretted,sadness
NN disease,anger|disgust|fear|sadness
JJ unsympathetic,anger
RB affirmatively,trust
JJ principal,trust
JJ irrational,disgust|fear
NN gray,disgust|sadness
JJ inadequate,sadness
NN frown,sadness
VB guide,trust
NN fangs,fear
RB amazingly,joy|surprise
NN perdition,anger|disgust|fear|sadness
JJ posthumous,sadness
NN curiosity,anticipation|surprise
NN robber,disgust|fear
NN production,anticipation
VB allied,trust
JJ thankful,joy
NN title,trust
NN larceny,disgust
NN tickle,anticipation|joy|surprise|trust
JJ subordinate,fear
JJ sour,disgust
NN fort,trust
NN gate,trust
VB chairman,trust
VB sorrow,fear|sadness
NN humanity,joy|trust
NN rash,disgust
NN commission,trust
NN gasp,surprise
JJ shameless,disgust
VB honeymoon,anticipation|joy|surprise|trust
JJ haughty,anger
NN armor,fear|trust
VB impart,trust
NN prison,anger|fear|sadness
RB long,anticipation
JJ hindering,sadness
NN gash,fear
VB father,trust
NN bunker,fear
VB patronage,trust
NN greeting,surprise
VB oppress,anger|disgust|fear|sadness
NN rave,anger|disgust|joy|surprise|trust
JJ unsatisfactory,disgust
NN adder,anger|disgust|fear|sadness
NN parliament,trust
VB deranged,anger|disgust|fear
VB killing,anger|fear|sadness
NN paragon,anticipation|joy|trust
NN aversion,anger|disgust|fear
NN bequest,trust
JJ privy,trust
NN merchant,trust
NN duplicity,anger
NN bacteria,disgust|fear|sadness
VB caution,anger|anticipation|fear
VB revoke,anger|disgust|fear|sadness
NN pig,disgust
NN reproach,anger|disgust|sadness
VB inform,trust
NN stink,disgust
VB jail,fear|sadness
NN locust,fear
NN sting,anger|fear
NN benevolence,joy|trust
VB healing,anticipation|joy|trust
RB bang,anger|disgust|fear|sadness|surprise
NN stint,fear|sadness
JJ relevant,trust
NN descent,fear|sadness
JJ suffocating,disgust|fear|sadness
VB halter,anger|fear|sadness
NN morals,anger|anticipation|disgust|joy|surprise|trust
JJ unstable,fear|surprise
NN bastard,disgust|sadness
NN pop,surprise
VB startle,fear|surprise
VB revolt,anger|surprise
JJ clean,joy|trust
NN pow,anger
NN handbook,trust
NN diplomacy,anticipation|trust
NN morality,trust
JJ saturated,disgust
NN slave,anger|fear|sadness
VB practise,anticipation
NN delegate,trust
NN mimicry,surprise
NN handicap,sadness
JJ sore,anger|sadness
VB proceeding,anticipation
NN foul,anger|disgust|fear
NN elder,trust
VB slay,anger
VB protected,trust
NN secular,anticipation
JJ imprisoned,anger|disgust|fear|sadness
NN gawk,surprise
NN diagnosis,anticipation|fear|trust
NN censor,anger|disgust|fear|trust
VB slam,anger|fear|surprise
JJ aggressive,anger|fear
VB slap,anger|surprise
NN carcass,disgust|fear|sadness
JJ visionary,anticipation|joy|trust
NN sweets,anticipation|joy
NN dirt,disgust
NN exuberance,joy
NN shopkeeper,trust
JJ undesirable,anger|disgust|fear|sadness
JJ obtainable,joy
JJ crushed,anger|disgust|fear|sadness
JJ malicious,anger|disgust|fear|sadness
NN terminal,fear|sadness
JJ contaminated,disgust|fear|sadness
NN diligence,trust
JJ victorious,joy
NN swarm,disgust
VB noose,sadness
NN libel,anger|fear|trust
JJ serene,trust
JJ indestructible,trust
NN collusion,anger|disgust|fear|sadness
NN blasphemy,anger
NN slash,anger
NN hypothesis,anticipation|surprise
VB discolored,disgust|sadness
VB reward,anticipation|joy|surprise|trust
JJ laughing,joy
NN preliminary,anticipation
NN gall,anger|disgust
NN subordinate,fear
NN cannibalism,disgust
JJ recurrent,anticipation
NN superstition,fear
RB wrongly,anger|fear|sadness
NN endemic,disgust|fear|sadness
JJ shabby,disgust
VB slander,anger|disgust
VB recruits,trust
JJ stripped,anger|anticipation|disgust|fear|sadness
NN tribulation,fear|sadness
VB bankrupt,fear|sadness
VB censor,anger|disgust|fear|trust
NN pastor,joy|trust
NN pay,anticipation|joy|trust
NN intelligence,fear|joy|trust
VB insult,anger|disgust|sadness|surprise
NN gang,anger|fear
NN unfairness,anger|sadness
NN debris,disgust
NN infidel,anger|disgust|fear
JJ untidy,disgust
NN payback,anger
NN hurt,anger|fear|sadness
VB prohibited,anger|disgust|fear
NN swamp,disgust|fear
VB feud,anger
VB nettle,anger|disgust
JJ akin,trust
JJ personal,trust
JJ untitled,sadness
NN bylaw,trust
VB indict,anger|fear
NN punch,anger|fear|sadness|surprise
NN mishap,disgust|fear|sadness|surprise
JJ patriarchal,trust
VB providing,anticipation|joy|trust
NN optimism,anticipation|joy|surprise|trust
NN food,joy|trust
VB fete,anticipation|joy|surprise
JJ averse,anger|disgust|fear
NN supporter,joy|trust
RB precious,anticipation|joy|surprise
NN routine,trust
NN optimist,trust
VB compensate,anticipation|joy|surprise|trust
JJ contemptuous,anger
NN magician,surprise
VB mouth,surprise
NN gape,surprise
JJ grotesque,disgust
NN reverie,joy|trust
NN tension,anger
VB perished,sadness
NN morrow,anticipation
VB overestimate,surprise
NN rating,anger|fear|sadness
JJ considerate,trust
NN misconduct,disgust
VB stolen,anger
VB sacrifices,disgust|fear|sadness
VB lagging,anger|anticipation|disgust|sadness
NN noncompliance,anger|anticipation|fear|sadness
NN melancholy,sadness
NN dike,fear
NN appeal,anticipation
VB depart,anticipation|sadness
VB mourn,sadness
VB sabotage,anger|disgust|fear|sadness|surprise
VB truck,trust
JJ glum,sadness
NN vigil,anticipation
VB employ,trust
JJ difficult,fear
JJ vigorous,trust
NN delivery,anticipation
VB succeed,anticipation|joy|surprise|trust
NN leeches,disgust|fear
VB taboo,disgust|fear
VB insure,trust
NN irritation,anger|disgust|sadness
NN money,anger|anticipation|joy|surprise|trust
NN beach,joy
NN fiend,anger|disgust|fear
NN fool,disgust
NN rape,anger|disgust|fear|sadness
NN lunacy,anger|disgust|fear|sadness
VB rule,fear|trust
NN landslide,fear|sadness
VB partake,trust
NN demand,anger
JJ sly,anger|disgust|fear
JJ measured,trust
VB gulp,fear|surprise
NN beast,anger|fear
NN teacher,trust
NN framework,trust
JJ irrefutable,trust
NN disinformation,anger|fear
RB furiously,anger
NN nappy,disgust
VB celebrated,anticipation|joy
NN fundamental,trust
NN protector,trust
VB quail,fear
JJ hurt,anger|fear|sadness
NN blessings,anticipation|joy|surprise|trust
VB teach,joy|surprise|trust
NN ruin,fear|sadness
NN yearning,anticipation|joy|trust
VB result,anticipation
NN hermaphrodite,surprise
JJ destroyed,anger|fear|sadness
NN lethargy,sadness
JJ disheartening,sadness
NN crash,fear|sadness|surprise
NN excellence,disgust|joy|trust
NN butler,trust
VB befriend,joy|trust
NN smell,anger|disgust
NN massacre,anger|disgust|fear|sadness
JJ immovable,trust
NN accuser,anger|fear
JJ blindfold,anticipation|fear|surprise
NN gulp,fear|surprise
NN rule,fear|trust
NN accused,anger|fear
NN harshness,anger|fear
VB quake,fear
NN sultan,fear
NN diary,joy|trust
VB ruin,fear|sadness
VB saturated,disgust
NN torture,anger|anticipation|disgust|fear|sadness
NN hiding,fear
NN atrophy,disgust|fear|sadness
JJ undesired,sadness
NN cabinet,trust
NN glide,anticipation|joy
JJ shining,anticipation|joy
JJ prepared,anticipation|trust
NN shelter,trust
VB fret,fear
NN incurable,anger|disgust|fear|sadness
NN penalty,anger|fear|sadness
VB guarantee,trust
NN custodian,trust
VB chuckle,anticipation|joy|surprise|trust
VB butcher,anger|disgust|fear
VB quivering,fear
JJ uninterested,sadness
NN bedrock,trust
NN gnome,anger|disgust|fear
JJ distracted,anger
NN policeman,fear|trust
NN brutality,anger|fear
NN behemoth,fear
JJ interested,disgust|sadness
RB worse,fear|sadness
JJ triumphant,anticipation|joy|trust
NN hysteria,fear
NN flood,fear
JJ sunk,disgust|fear|sadness
VB demoralized,fear|sadness
NN recidivism,anger|disgust|sadness
VB skirmish,anger
JJ hostile,anger|disgust|fear
NN crawl,disgust
NN compact,trust
JJ tasteless,disgust
NN coward,disgust|fear|sadness
JJ black,sadness
NN deflation,fear
NN cyclone,fear|surprise
NN poke,anticipation
VB contaminate,disgust
VB dread,anticipation|fear
NN departure,sadness
JJ indelible,trust
NN safeguard,trust
JJ absent,sadness
NN opera,anger|anticipation|fear|joy|sadness|surprise|trust
NN revenge,anger|anticipation|fear|surprise
JJ cystic,disgust
JJ grim,anger|anticipation|disgust|fear|sadness
NN fall,sadness
JJ hungry,anticipation
VB snake,disgust|fear
JJ irritable,anger
NN perfection,anticipation|joy|surprise|trust
NN outburst,anger|fear|joy|sadness|surprise
JJ violent,anger|disgust|fear|surprise
VB convinced,trust
NN interrupt,anger|surprise
NN fitting,anticipation|joy|trust
NN saber,anger|fear
VB mess,disgust
NN martyr,fear|sadness
NN operation,fear|trust
JJ filthy,disgust
JJ agreed,trust
VB confront,anger
NN scorpion,anger|disgust|fear|surprise
NN orthodoxy,trust
JJ cutting,anger|disgust|fear|sadness
VB halting,fear|sadness
JJ luxurious,joy
VB chicane,anticipation|surprise|trust
NN disruption,anger|fear|surprise
NN mockery,disgust
VB infect,disgust
JJ prevalent,trust
VB expose,anticipation|fear
NN armory,trust
NN critter,disgust
JJ distasteful,disgust
JJ watchful,trust
VB longing,anticipation|sadness
VB quash,fear
VB stifled,anger|fear|sadness
NN immediacy,surprise
NN doomed,fear|sadness
VB satisfied,joy
JJ sinful,anger|disgust|fear|sadness
NN sisterhood,anger|sadness|surprise|trust
NN seclusion,fear
VB soldier,anger|sadness
NN giggle,joy
NN pledge,joy|trust
NN hostility,anger|disgust
VB mediate,anticipation|trust
NN aesthetics,joy
NN edification,anticipation|joy|trust
JJ preparatory,anticipation
VB disclosed,trust
NN mess,disgust
NN haste,anticipation
JJ rash,disgust
VB displeased,anger|disgust|fear|sadness
JJ cloudy,sadness
NN convergence,anticipation
NN obscenity,anger|disgust
NN commemoration,anticipation|joy
JJ explosive,anger|anticipation|fear|surprise
VB disintegrate,disgust|fear
VB eyewitness,trust
NN slayer,anger|disgust|fear|sadness|surprise
VB snare,fear
NN killing,anger|fear|sadness
VB scare,anger|anticipation|fear|surprise
VB snarl,anger|disgust
NN cramp,anticipation
VB discourage,fear|sadness
JJ ravenous,anger|fear|sadness
JJ rapt,joy|surprise|trust
NN arraignment,anger|fear|sadness
JJ attacking,anger|disgust|fear|sadness|surprise
VB glare,anger|fear
VB negotiate,trust
VB scrub,disgust
NN amour,anticipation|joy|trust
NN grandfather,trust
JJ mortuary,fear|sadness
VB stable,trust
NN planning,anticipation|trust
NN gorge,disgust
VB laugh,joy|surprise
NN wilderness,anticipation|fear|sadness
VB withdraw,sadness
JJ selfish,anger|disgust
VB tease,anger|anticipation|sadness
JJ ineffectual,disgust
JJ fallacious,anger
VB doctor,trust
NN wildfire,fear|sadness|surprise
JJ ferocious,anger|disgust|fear
NN missile,fear
JJ unacceptable,sadness
JJ romantic,anticipation|joy|trust
JJ guarded,trust
JJ beaming,anticipation|joy
NN primer,trust
JJ frantic,anticipation|disgust|fear|surprise
NN harvest,anticipation|joy
VB usurp,anger
NN guardianship,trust
JJ competent,trust
NN fret,fear
VB shooting,anger|fear
VB kicking,anger
VB dying,anger|disgust|fear|sadness
NN craps,anticipation
JJ gorgeous,joy
JJ amusing,joy
JJ sincere,trust
JJ bum,disgust|sadness
JJ sneaking,anticipation|fear|trust
JJ retaliatory,anger
NN reconstruction,anticipation
VB shipwreck,fear|sadness
NN disgust,anger|disgust|fear|sadness
NN fact,trust
VB harbinger,anger|anticipation|fear
NN mafia,fear
VB wreck,anger|disgust|fear|sadness|surprise
NN commemorative,anticipation
VB bargain,trust
NN whore,disgust
NN spoil,disgust
JJ frustrated,anger
NN holocaust,anger|disgust|fear|sadness
VB belt,anger|fear
JJ bereaved,sadness
VB incense,anger
JJ perverted,disgust
NN assembly,trust
NN quiet,sadness
JJ advised,trust
NN apparition,fear|surprise
VB hardened,anger|disgust|fear
NN overload,sadness
VB marvel,surprise
NN asylum,fear
VB canker,anger|disgust
VB thought,anticipation
NN elect,trust
VB prowl,fear|surprise
JJ wireless,anger|anticipation|surprise
JJ green,joy|trust
VB default,disgust|fear|sadness
NN deviation,sadness
JJ profane,anger
JJ derogatory,anger|disgust|fear|sadness
VB disparage,anger|disgust|sadness
NN scolding,anger
VB worried,sadness
JJ greedy,disgust
NN urn,sadness
NN invasion,anger
VB wasting,disgust|fear|sadness
NN lawyer,anger|disgust|fear
NN aphid,disgust
VB wreak,anger
NN inhumanity,sadness
NN prophet,anticipation|trust
RB tandem,trust
VB prosper,anticipation|joy
VB rejoicing,anticipation|joy|surprise
JJ hilarious,joy|surprise
JJ resentful,anger
NN interior,disgust|trust
JJ sensuous,joy
NN piles,disgust
NN sham,anger|disgust
NN terrorist,anger|disgust|fear|sadness|surprise
NN vulgarity,anger|disgust|sadness
VB bereaved,sadness
JJ spiteful,anger
VB prejudiced,disgust|fear
VB reproach,anger|disgust|sadness
VB tinsel,joy
NN quiver,fear
VB pollute,disgust
NN compass,trust
NN terrorism,anger|disgust|fear|sadness
JJ wimpy,anger|disgust|fear|sadness
VB exciting,anticipation|joy|surprise
JJ idiotic,anger|disgust
VB dispossessed,anger|fear|sadness
NN avarice,anger|disgust
VB mourning,sadness
RB late,sadness
JJ differential,trust
NN real,trust
NN orphan,fear|sadness
VB center,trust
JJ hysterical,anger|fear
NN fervor,anger|joy
VB litigate,anger|anticipation|disgust|fear|sadness
VB practiced,joy|surprise|trust
JJ terrible,anger|disgust|fear|sadness
NN settlor,fear
NN proviso,trust
NN contingent,anticipation
JJ proficient,trust
NN derogation,anger|disgust|fear|sadness
NN projectiles,fear
JJ distraught,sadness
VB enroll,anticipation|trust
JJ temperate,trust
VB cursing,anger|disgust
JJ sectarian,anger|fear
JJ shaky,anger|anticipation|fear
NN janitor,disgust
JJ weary,sadness
JJ joyous,joy
NN gentry,trust
NN sprain,sadness
NN resources,joy|trust
VB threaten,anger|anticipation|fear
NN gush,disgust|joy
NN suffocation,anger|fear
NN scalpel,fear
JJ unspeakable,fear
NN guru,trust
NN tribune,trust
NN fang,fear
NN poll,trust
NN feeling,anger|anticipation|disgust|fear|joy|sadness|surprise|trust
VB proof,trust
NN jeopardy,anticipation|fear
VB aggravating,anger|sadness
NN ordeal,anger|surprise
NN crazy,anger|fear|sadness
VB abhor,anger|disgust|fear
VB screwed,anger
VB whimper,fear|sadness
NN ultimatum,anger|fear
JJ bully,anger|fear
VB broadside,anticipation
VB ailing,fear|sadness
VB bear,anger|fear
NN grievance,anger|disgust|sadness
VB disappointed,anger|disgust|sadness
JJ senseless,anger|disgust|fear|sadness|surprise
VB abyss,fear|sadness
NN plump,anticipation
JJ soulless,disgust|fear|sadness
NN louse,disgust
JJ cohesive,trust
NN laxative,disgust|fear
JJ chicken,fear
VB beam,joy
VB counsel,trust
JJ bad,anger|disgust|fear|sadness
NN die,fear|sadness
NN casualty,anger|fear|sadness
NN military,fear
VB restrained,fear
NN arguments,anger
NN career,anticipation
NN architecture,trust
NN perspiration,disgust
JJ mourning,sadness
NN familiar,trust
NN cheat,anger|disgust
VB batter,anger|fear
NN impartiality,trust
NN shanghai,disgust|fear
VB quack,disgust
VB die,fear|sadness
VB battled,anger|fear|sadness
NN splendor,anticipation|joy|surprise
NN uphill,anticipation|fear
JJ gray,disgust|sadness
JJ provoking,anger|disgust
NN upset,anger|sadness
NN delusion,anger|fear|sadness
NN loneliness,fear|sadness
NN ribbon,anger|anticipation|joy
VB ambush,anger|fear|surprise
JJ burlesque,surprise
NN moody,anger|sadness
NN legislature,trust
NN don,trust
JJ blame,anger|disgust
NN farm,anticipation
NN surcharge,anger
JJ speculative,anticipation
NN merit,trust
NN hydrocephalus,disgust|fear|sadness
NN courier,trust
JJ degrading,disgust|fear|sadness
VB don,trust
JJ demonic,anger|disgust|fear|sadness
VB prevail,anticipation|joy
NN incrimination,fear|sadness
VB tremor,anger|anticipation|fear|sadness
RB badly,sadness
NN ache,sadness
NN proceeding,anticipation
NN illumination,joy|surprise|trust
NN assessment,surprise|trust
VB blister,disgust
NN rascal,anger|disgust|fear
JJ fearless,fear
NN seriousness,fear|sadness
JJ effective,trust
JJ expectant,anticipation
NN seniority,trust
VB frowning,anger|disgust|sadness
NN incontinence,surprise
NN porn,disgust
NN cheer,anticipation|joy|surprise|trust
JJ accountable,trust
NN deceit,anger|disgust|fear|sadness|surprise
JJ stealthy,anticipation|fear|surprise
NN patronage,trust
VB blemish,anger|disgust|fear|sadness
NN fate,anticipation
NN ministry,joy|trust
NN buzz,anticipation|fear
VB shrink,fear|sadness
VB cry,sadness
JJ foreboding,anticipation|fear
NN pneumonia,fear
VB watch,anticipation|fear
VB falter,fear
JJ touchy,anger|sadness
NN insulation,trust
NN time,anticipation
NN urgency,anticipation|fear|surprise
VB casket,fear|sadness
NN supporting,trust
VB angling,anticipation
NN eel,fear
JJ top,anticipation|trust
VB degrade,disgust
NN equality,joy|trust
VB mentor,trust
NN sewerage,disgust
NN dentistry,fear
JJ discriminate,anger|sadness
VB vote,anger|anticipation|joy|sadness|surprise|trust
VB buzz,anticipation|fear
NN evanescence,sadness|surprise
VB time,anticipation
JJ variable,surprise
VB battle,anger
NN martial,anger
NN nicotine,disgust
VB scaffold,fear
VB plunge,fear
VB shrill,anger|fear|surprise
VB palsy,disgust|fear|sadness
NN pornography,disgust
NN dependent,trust
VB shout,anger|surprise
JJ content,joy|trust
JJ deleterious,anger|disgust|fear
JJ enchanting,anticipation|joy
NN heroism,anticipation|joy|surprise|trust
VB shove,anger
NN mystic,surprise
JJ reflex,surprise
VB cop,fear|trust
JJ wrinkled,sadness
VB picket,anger|anticipation|fear
JJ furious,anger|disgust
RB forcibly,anger|fear
VB admire,trust
NN nurture,anger|anticipation|disgust|fear|joy|trust
NN vote,anger|anticipation|joy|sadness|surprise|trust
VB expel,anger|disgust|fear|sadness
NN lava,anger|fear
NN rapture,anticipation|joy
JJ defenseless,fear|sadness
NN throttle,anger
VB ware,fear
NN assist,trust
VB swig,disgust
VB warn,anticipation|fear|surprise|trust
JJ amicable,joy
VB swim,anticipation|fear|joy
JJ questionable,disgust
JJ starry,anticipation|joy
VB ballot,anticipation|trust
VB warp,anger|sadness
VB lash,anger|fear
NN saliva,anticipation
NN aggression,anger|fear
VB believed,trust
JJ wasteful,anger|disgust|sadness
NN aching,sadness
NN surety,trust
JJ accredited,trust
NN fight,anger|fear
VB liking,joy|trust
NN gonorrhea,anger|disgust|fear|sadness
JJ healthful,joy
VB thriving,anticipation|joy
NN dismay,anger|anticipation|fear|sadness|surprise
NN battalion,anger
NN accident,fear|sadness|surprise
NN credibility,trust
JJ older,sadness
NN disability,sadness
JJ coy,fear
NN contributor,trust
JJ unprecedented,surprise
NN expedition,anticipation
NN straits,fear
VB cue,anticipation
NN hilarity,joy
NN amnesty,joy
NN volatility,anger|anticipation|fear|surprise
NN dinosaur,fear
JJ synergistic,trust
VB possessed,anger|disgust|fear
VB lunge,surprise
JJ sullen,anger|sadness
NN gladness,joy
VB prepare,anticipation
JJ bridal,anticipation|joy|trust
VB revenge,anger|anticipation|fear|surprise
VB affirm,trust
NN tumour,fear|sadness
NN speculation,fear|sadness
JJ unpleasant,disgust|sadness
NN heroine,trust
VB lying,anger|disgust
NN eventuality,anticipation|fear
VB wane,sadness
NN illusion,surprise
NN falsification,anger
JJ reverend,joy
VB change,fear
NN bride,anticipation|joy|trust
NN invader,anger|fear|sadness
VB buss,joy
NN infraction,anger
JJ punishing,anger|fear|sadness
VB shriek,anger|fear|sadness|surprise
NN smelling,disgust
NN lamb,joy|trust
NN mangle,anger|disgust|fear|sadness
JJ stranger,fear
VB bury,sadness
JJ arid,sadness
JJ intolerant,anger|disgust|fear|sadness
NN interment,sadness
NN disparity,anger|disgust|sadness
NN instructor,anticipation|trust
VB assault,anger|fear
VB gauging,trust
NN antithesis,anger
NN razor,fear
VB thwart,surprise
NN burke,anger|disgust|fear|sadness
JJ unknown,anticipation|fear
NN fleece,anger|disgust|sadness
VB nurse,trust
NN spook,fear
NN execution,anger|fear|sadness|trust
VB travesty,disgust|fear|sadness
VB lamb,joy|trust
NN venom,anger|disgust|fear
NN boxing,anger
NN wane,sadness
NN homework,fear
NN worrying,anticipation|fear|sadness
NN lover,anticipation|joy|trust
NN buss,joy
NN troll,anger|fear
NN firstborn,anticipation|joy|trust
NN tiff,anger
NN scrimmage,surprise
NN dissonance,anger
VB cursed,anger|fear|sadness
VB disgusting,anger|disgust|fear
JJ shrill,anger|fear|surprise
VB chance,surprise
NN throb,fear|sadness
NN husbandry,trust
RB bad,anger|disgust|fear|sadness
JJ proven,trust
JJ weakly,fear|sadness
VB wail,fear|sadness
JJ olfactory,anticipation
VB wrangling,anger|disgust|fear|sadness
VB rescue,anticipation|joy|surprise|trust
VB wait,anticipation
JJ uninvited,sadness
NN overture,anticipation
JJ shady,fear
NN blackmail,anger|fear
NN conquest,anger|fear
VB disagree,anger
NN donkey,disgust
NN doubt,fear|sadness|trust
NN theorem,trust
NN lockup,fear|sadness
NN mutilation,anger|disgust|fear|sadness
NN roadster,joy|trust
VB emphasize,trust
JJ arrogant,anger|disgust
JJ lesbian,disgust|sadness
NN swim,anticipation|fear|joy
NN warp,anger|sadness
VB commemorate,anticipation|joy|sadness
NN wart,disgust
JJ ailing,fear|sadness
NN swig,disgust
NN lash,anger|fear
NN pilot,trust
VB pound,anger
NN inferior,sadness
NN theology,anticipation
NN ecstasy,anticipation|joy
NN ware,fear
NN gibberish,anger
NN musket,fear
VB furrow,sadness
JJ contemptible,anger|disgust
VB harvest,anticipation|joy
NN clearance,trust
VB disgust,anger|disgust|fear|sadness
VB accused,anger|fear
JJ celestial,anticipation|joy
VB shock,anger|fear|surprise
NN clash,anger
JJ lovable,joy|trust
VB victimized,anger|disgust|fear|sadness|surprise
JJ exalted,joy|trust
JJ fussy,disgust
NN frank,trust
JJ armored,fear
JJ charitable,anticipation|joy|trust
VB defended,trust
VB devastate,anger|fear|sadness
JJ mysterious,anticipation|fear|surprise
NN happiness,anticipation|joy
JJ drunken,disgust
VB cap,anticipation|trust
NN anthrax,disgust|fear|sadness
NN shaking,fear
VB compliment,anticipation|joy|surprise|trust
VB tax,sadness
NN haunt,fear
NN puppy,anticipation|trust
NN runaway,sadness
NN blockade,anger|fear|sadness
NN differential,trust
JJ definitive,trust
NN belt,anger|fear
NN swastika,anger|fear
NN luxury,joy
NN giant,fear
NN angling,anticipation
JJ infantile,anger|disgust
NN purgatory,disgust|fear
VB worsening,disgust|sadness
VB lace,anger|fear|sadness|trust
NN stealing,disgust|fear
JJ gruff,anger|disgust
VB shelter,trust
VB rocket,anger
VB buried,fear|sadness
NN simmer,anger|anticipation
VB illuminate,anticipation|joy|surprise
NN discontinuity,disgust|fear|sadness
JJ tortious,anger|disgust
NN rabble,anger|fear
VB strip,sadness
JJ undying,anticipation|joy|sadness|trust
JJ infamous,anger|disgust|fear
NN cyst,fear|sadness
NN ambulance,fear|trust
NN penetration,anger|fear
NN exile,anger|fear|sadness
NN agreement,trust
JJ outstanding,joy
JJ dynamic,surprise
JJ somatic,surprise
NN treadmill,anticipation
NN institute,trust
NN sewage,disgust
JJ horrified,fear
JJ dire,disgust|fear|sadness|surprise
VB experiment,anticipation|surprise
JJ incident,surprise
NN maxim,trust
JJ dirt,disgust
NN devastation,anger|fear|sadness|surprise
NN travesty,disgust|fear|sadness
NN audience,anticipation
JJ malign,anger|disgust
NN carol,joy|trust
NN wound,anger|fear|sadness
RB heartily,joy
VB muff,anger|disgust
JJ abortive,sadness
NN infertility,sadness
JJ sensual,anticipation|joy|surprise|trust
NN governor,trust
VB bloom,anticipation|joy|trust
JJ foul,anger|disgust|fear
JJ resistant,fear
VB associate,trust
NN agony,anger|fear|sadness
VB taunt,anger|fear|sadness
JJ cathedral,joy|trust
JJ tawny,disgust
VB addresses,anticipation
VB hazard,fear
NN chairwoman,trust
VB climax,anticipation|joy|surprise|trust
JJ dishonest,anger|disgust|sadness
NN felon,fear
VB punished,anger|anticipation|disgust|fear|sadness
VB sickening,anger|disgust|fear|sadness
VB muck,disgust
VB waste,disgust
VB aspire,anticipation|joy
JJ insignificant,anger|sadness
NN combatant,anger|fear
NN subversion,anger|fear
VB stain,disgust
NN revels,joy
VB beggar,sadness
VB buck,fear|surprise
JJ flabby,disgust
VB stall,disgust
NN vow,anticipation|joy|trust
VB stalk,fear
NN shepherd,trust
JJ unforeseen,surprise
VB falsify,disgust
VB implicate,anger
VB insulting,anger|disgust|fear|sadness
JJ ethereal,fear
NN independence,anticipation|joy|surprise|trust
NN bear,anger|fear
NN periodicity,trust
NN whimper,fear|sadness
VB disagreeing,anger|sadness
VB raffle,anticipation|surprise
JJ rabid,anger|anticipation|disgust|fear|sadness
NN sovereign,trust
NN beam,joy
VB improve,anticipation|joy|trust
JJ inhospitable,sadness
VB distracting,anger|anticipation
NN bellows,anger
NN elf,anger|disgust|fear
VB reassure,trust
NN spoiler,sadness
VB raging,anger|disgust|fear
VB disable,fear|sadness
NN catastrophe,anger|disgust|fear|sadness|surprise
JJ related,trust
VB coach,trust
VB brazen,anger
JJ awful,anger|disgust|fear|sadness
VB ground,trust
JJ inspired,joy|surprise|trust
JJ culinary,trust
VB blessing,anticipation|joy|trust
NN matchmaker,anticipation
JJ relative,trust
VB abandon,fear|sadness
JJ maternal,anticipation
NN witch,anger|disgust|fear
JJ uncertain,anger|disgust|fear|surprise
NN absence,fear|sadness
NN blister,disgust
JJ exhaustive,trust
VB crushed,anger|disgust|fear|sadness
NN cautious,anticipation|fear|trust
VB shoot,anger|fear
NN lightning,anger|fear|surprise
NN crucifixion,anger|disgust|fear|sadness
VB motion,anticipation
VB communicate,trust
VB top,anticipation|trust
NN countryman,trust
VB regret,sadness
JJ noble,trust
VB deceased,sadness
NN beer,joy
VB mortgage,fear
NN mortification,anticipation|disgust|fear|sadness
JJ white,anticipation|joy|trust
VB representing,anticipation
JJ prophetic,anticipation
VB disfigured,anger|disgust|fear|sadness
JJ untold,anticipation
NN scripture,trust
VB charmed,joy
NN subversive,anger|surprise
VB start,anticipation
RB surprisingly,anticipation|surprise
VB dumps,anger|sadness
VB agonizing,fear
NN chocolate,anticipation|joy|trust
RB wearily,sadness
JJ notable,joy|trust
NN compulsion,anger
VB growling,anger|disgust|fear
JJ sudden,surprise
NN expert,trust
NN horizon,anticipation
JJ overbearing,anger
NN revel,joy
JJ hateful,anger|disgust|fear|sadness
NN blemish,anger|disgust|fear|sadness
JJ commendable,joy|trust
NN wrongdoing,anger|disgust|sadness
VB hire,anticipation|joy|trust
JJ loathsome,anger|disgust
NN thrift,disgust|trust
JJ rising,anticipation|joy
NN sag,fear
VB agreed,trust
VB startling,surprise
JJ biennial,anticipation
NN captive,fear|sadness
NN incense,anger
JJ raging,anger|disgust|fear
NN advice,trust
NN firearms,anger|fear
JJ terminal,fear|sadness
VB flattering,joy
VB weary,sadness
VB leaning,trust
JJ emaciated,fear|sadness
NN shooter,fear
VB shanghai,disgust|fear
JJ ordained,trust
NN sarcoma,fear|sadness
NN villain,fear
VB endanger,anticipation|fear
NN renegade,anger
VB loathing,disgust
NN amusement,joy
NN poverty,anger|disgust|fear|sadness
NN exaltation,joy|trust
NN separatist,anger|disgust
JJ fierce,anger|disgust|fear
JJ unintended,surprise
NN condemnation,anger|anticipation|disgust|fear|sadness
NN hire,anticipation|joy|trust
JJ reliable,trust
NN detainee,anger|anticipation|fear|sadness
NN cabal,fear
JJ heartfelt,joy|sadness|trust
JJ mobile,anticipation
VB sing,anticipation|joy|sadness|trust
NN shoplifting,anger|disgust
VB couch,sadness
VB topple,surprise
VB spite,anger
VB wince,anger|disgust|fear|sadness
JJ military,fear
NN patient,anticipation
NN altercation,anger
NN slump,sadness
NN chemist,trust
NN bailiff,fear|trust
NN escort,trust
NN expertise,trust
JJ palpable,surprise
NN offering,trust
NN hiss,anger|fear
JJ latent,anger|anticipation|disgust|surprise
VB black,sadness
VB laughing,joy
JJ cutthroat,anger|fear
NN widow,sadness
VB regretting,sadness
JJ unaccountable,anticipation|disgust|sadness|trust
NN tyranny,fear|sadness
JJ venerable,anticipation|joy|trust
NN bowels,disgust
JJ loving,joy|trust
NN wretch,anger|disgust|sadness
RB happily,joy
NN bad,anger|disgust|fear|sadness
NN fluctuation,anger|fear
NN thrill,anticipation|fear|joy|surprise
NN enlightenment,joy|trust
NN haven,trust
NN wear,trust
JJ indignant,anger
JJ swampy,disgust|fear
JJ ashamed,disgust|sadness
NN raving,anger|anticipation|fear|joy|surprise
NN ravine,fear
JJ exquisite,joy
JJ egregious,anger|disgust
JJ dread,anticipation|fear
VB cough,disgust
VB assail,anger|fear|surprise
NN sap,sadness
VB drivel,disgust
NN assessor,trust
VB quarrel,anger
JJ hurtful,anger|disgust|fear|sadness
JJ proof,trust
NN fugitive,anger|disgust|fear|sadness|trust
JJ unimaginable,surprise
JJ disapproving,anger|disgust|sadness
VB steal,anger|fear|sadness
VB interrogate,fear
NN assault,anger|fear
NN bombardment,anger|fear
NN malaria,disgust|fear|sadness
VB intercede,fear|sadness
NN nobleman,trust
JJ impeccable,trust
NN kicking,anger
NN toxin,fear
NN ghost,fear
NN peril,anticipation|fear|sadness
NN illegality,anger|disgust|fear
NN frankness,trust
JJ expected,anticipation
NN volunteer,anticipation|fear|joy|trust
JJ politic,disgust
RB plump,anticipation
NN cable,surprise
NN lower,sadness
NN doldrums,sadness
NN humiliation,disgust|sadness
NN salvation,anticipation|joy|trust
NN paddle,anticipation
NN fraud,anger
VB gag,disgust
NN incursion,fear
NN avenger,anger
VB sparkle,anticipation|joy|surprise
VB repay,anger|anticipation|joy|trust
NN testament,anticipation|trust
JJ bigoted,anger|disgust|fear|sadness
JJ repellant,disgust|fear
VB lines,fear
JJ spurious,disgust
NN hallucination,fear
JJ worthless,anger|disgust|sadness
JJ premeditated,fear
NN lust,anticipation
NN antagonism,anger
JJ dashed,anger|fear|sadness
JJ actionable,anger|disgust
NN antagonist,anger
NN examination,fear|surprise
JJ engaging,joy|trust
VB seize,fear
JJ disabled,fear|sadness
NN rue,sadness
NN dictatorship,anger|anticipation|disgust|fear|sadness
JJ unfortunate,sadness
NN materialist,disgust
JJ scorching,anger
NN dominant,fear
NN grasping,anticipation
NN pavement,trust
VB disembodied,fear|sadness
NN scarecrow,fear
NN asp,fear
NN germination,anticipation
VB jolt,surprise
NN heartache,sadness
JJ uneasy,disgust|fear
VB lust,anticipation
NN soldier,anger|sadness
NN art,anticipation|joy|sadness|surprise
JJ preservative,anticipation|joy|surprise|trust
NN enmity,anger|fear|sadness
NN socialist,anger|disgust|fear|sadness
JJ proud,anticipation|joy|trust
NN nestle,trust
NN offset,anticipation
NN socialism,disgust|fear
JJ scrub,disgust
NN immaturity,anger|anticipation
VB apologize,sadness|trust
VB buffet,anger
JJ depressed,anger|fear|sadness
JJ heavenly,anticipation|joy|trust
JJ stagnant,sadness
VB secrete,disgust
NN shroud,sadness
JJ conscientious,trust
NN harbor,trust
NN longing,anticipation|sadness
NN sneeze,disgust|surprise
VB dabbling,anger|disgust
JJ dying,anger|disgust|fear|sadness
NN peace,anticipation|joy|trust
JJ entangled,anger|disgust|fear|sadness
VB sick,disgust|sadness
VB extricate,anticipation
NN demonstrative,joy|sadness
NN offensive,anger|disgust
NN shooting,anger|fear
VB undertaking,anticipation
JJ godless,anger
NN marrow,joy|trust
JJ mournful,anger|fear|sadness
RB real,trust
JJ overdue,anticipation|sadness|surprise
VB hide,fear
VB absent,sadness
JJ inviting,anticipation|joy|surprise|trust
JJ excellent,joy|trust
NN departed,sadness
NN embrace,anticipation|joy|surprise|trust
VB officer,trust
NN tenderness,joy
NN backwater,sadness
JJ veteran,trust
VB labored,sadness
NN special,joy
VB alerts,anticipation|fear|surprise
VB green,joy|trust
JJ impure,disgust
JJ bewildered,fear|surprise
NN prerequisite,anticipation
NN ditty,joy
JJ interim,anticipation
VB leave,sadness|surprise
VB depreciate,anger|disgust
JJ timid,fear|sadness
JJ aggravated,anger
JJ succeeding,anticipation|joy|trust
NN growling,anger|disgust|fear
VB sizzle,anger
NN patter,anger
NN boy,disgust
JJ berserk,anger
NN compliment,anticipation|joy|surprise|trust
NN involution,anger
VB camouflaged,surprise
NN combat,anger|fear
NN spa,anticipation|joy|surprise|trust
NN virgin,trust
VB decayed,disgust|sadness
NN domination,anger|fear|sadness
VB exclaim,surprise
VB terrorize,anger|fear|sadness
NN guess,surprise
VB lull,anticipation
NN sob,sadness
VB court,anger|anticipation|fear
NN music,joy|sadness
JJ bearish,anger|fear
VB calls,anticipation|trust
VB fee,anger
JJ delicious,joy
VB bully,anger|fear
JJ unbridled,anger|anticipation|fear|surprise
NN onset,anticipation
NN interrogation,fear
NN outcry,anger|fear|surprise
JJ virtuous,joy|trust
NN validity,fear
JJ unsuccessful,sadness
NN lender,trust
VB torture,anger|anticipation|disgust|fear|sadness
JJ immoral,anger|disgust|fear|sadness
VB author,trust
JJ disgraced,anger|disgust|sadness
NN celebration,anticipation|joy|surprise|trust
NN choral,joy
JJ exhausted,sadness
VB mislead,anger|fear|trust
NN network,anticipation
NN sue,anger|sadness
NN opposition,anger
NN sun,anticipation|joy|surprise|trust
NN volcano,fear|surprise
VB crunch,anger
VB thrash,anger|disgust|fear|sadness
VB submit,anticipation
NN bouquet,joy|trust
NN sty,disgust
NN quivering,fear
JJ vulgar,disgust
NN accompaniment,anticipation|joy|trust
JJ flying,fear
JJ abominable,disgust|fear
VB blast,anger|fear|surprise
JJ apprehensive,anticipation|fear
NN relative,trust
NN eagle,trust
JJ confident,joy|trust
VB obliging,anger|anticipation|disgust|fear|joy|surprise|trust
JJ gory,anger|disgust|fear|sadness
JJ durable,trust
VB cleave,fear
JJ unemployed,fear|sadness
NN desert,anger|disgust|fear|sadness
VB shank,fear
NN bugaboo,anger|fear|sadness
NN eyewitness,trust
NN blossom,joy
JJ barren,sadness
NN sacrifices,disgust|fear|sadness
VB strangle,anger|disgust|fear|sadness|surprise
VB remand,anger
VB trick,surprise
VB crying,sadness
JJ tranquil,joy
VB shame,disgust|fear|sadness
VB amnesty,joy
NN monsoon,sadness
VB bothering,anger|sadness
JJ navigable,anticipation
VB fib,anger
VB fitting,anticipation|joy|trust
NN competency,trust
NN sonar,anticipation
VB criticize,anger|disgust|fear|sadness
NN sir,trust
NN sin,anger|disgust|fear|sadness
NN dysentery,disgust|sadness
NN merriment,joy|surprise
NN competence,trust
JJ wicked,fear
NN sib,trust
VB failing,anger|anticipation|fear|sadness
NN ransom,anger|fear
NN sentence,anger|anticipation|disgust|fear|sadness
VB mocking,anger|disgust|sadness
NN cutter,fear
JJ dilapidated,disgust|sadness
VB confiscate,anger|sadness
NN champion,anticipation|joy|trust
NN honor,trust
NN wallow,disgust|sadness
VB share,anticipation|joy|trust
JJ thriving,anticipation|joy
NN hollow,sadness
VB shun,anger|disgust|sadness
NN rattlesnake,fear
JJ accusing,anger|fear
NN bee,anger|fear
NN typhoon,fear
NN silly,joy
JJ grisly,disgust|fear
NN pimple,disgust
JJ perverse,anger|disgust|fear
JJ memorable,joy|surprise|trust
JJ unsightly,disgust
NN dissolution,anger|fear|sadness|surprise
NN leer,disgust
NN sex,anticipation|joy|trust
NN abandon,fear|sadness
NN appreciation,joy|trust
VB rapping,anger
NN crude,disgust
VB stealing,disgust|fear
VB blame,anger|disgust
JJ marine,trust
VB shopping,anticipation|joy|surprise|trust
NN havoc,anger|fear
VB renounce,anger
NN foreigner,fear
VB occult,disgust|fear
JJ prerequisite,anticipation
NN electorate,trust
VB enliven,joy|surprise|trust
NN aggressor,anger|fear
NN improvisation,surprise
JJ supporting,trust
JJ quack,disgust
JJ mistaken,fear
RB commendable,joy|trust
VB spike,fear
VB depreciated,anger|disgust|fear|sadness
NN greatness,joy|surprise|trust
VB forbid,sadness
VB overpriced,anger|disgust|sadness
NN mediator,anticipation|trust
NN eager,anticipation|joy|surprise|trust
JJ usual,trust
NN school,trust
NN slush,disgust|surprise
NN dishonor,anger|disgust|fear|sadness
VB eschew,anger|sadness
NN confederate,trust
VB count,trust
NN aloha,anticipation|joy
NN passion,anticipation|joy|trust
NN gradual,anticipation
NN discomfort,sadness
VB disclaim,anger|disgust|trust
NN parasite,disgust|fear
NN screech,fear|surprise
VB atone,anticipation|joy|trust
VB prosecute,anger|fear|sadness
JJ skillful,trust
VB show,trust
VB hurried,anticipation
NN cuddle,joy|trust
NN cap,anticipation|trust
NN general,trust
NN affection,joy|trust
JJ utopian,anticipation|joy|trust
NN hype,anticipation
NN cad,anger|disgust
JJ advance,anticipation|fear|joy|surprise
VB omen,anticipation|fear
RB tomorrow,anticipation
VB rejects,anger|fear|sadness
VB shot,anger|fear|sadness|surprise
NN subjugation,anger|disgust|fear|sadness
NN oddity,disgust|sadness|surprise
VB shaking,fear
NN disturbance,anger|fear|sadness|surprise
VB choke,anger|sadness
NN sequestration,sadness
VB pivot,trust
NN tax,sadness
JJ distressing,anger|fear
JJ pedigree,trust
JJ bottom,sadness
JJ extinct,sadness
JJ responsible,trust
VB vanished,fear|sadness|surprise
NN newcomer,fear|surprise
VB signify,anticipation
NN patrol,trust
NN patron,trust
VB adore,anticipation|joy|trust
NN omen,anticipation|fear
VB hype,anticipation
JJ unwell,sadness
NN dance,joy|trust
JJ gruesome,disgust
NN shot,anger|fear|sadness|surprise
JJ hideous,disgust|fear|sadness
NN show,trust
NN commotion,anger
NN slaughter,anger|disgust|fear|sadness|surprise
NN criminality,anger|disgust|fear
NN board,anticipation
VB waver,fear
VB offering,trust
JJ discontent,anger|disgust|fear|sadness
NN wasting,disgust|fear|sadness
NN warrior,anger|fear
JJ vacuous,disgust
JJ disconnected,sadness
VB shatter,anger|fear|sadness|surprise
NN dandy,disgust
VB hymn,anticipation|joy|sadness|trust
NN vomit,disgust
NN professorship,trust
JJ intolerable,anger
NN guerilla,fear
JJ vengeful,anger|fear
JJ friendly,anticipation|joy|trust
VB craving,anticipation
NN catch,surprise
JJ sinning,disgust
NN savor,anticipation|disgust|joy|sadness|trust
NN perturbation,fear
NN gent,anger|disgust|fear
NN boredom,sadness
VB exalt,anticipation|joy|trust
VB ship,anticipation
NN xenophobia,fear
VB shit,anger|disgust
NN invite,anticipation|joy|surprise|trust
JJ confirmed,trust
NN hopeful,anticipation|joy|surprise|trust
NN germ,anticipation|disgust
JJ majestic,anticipation|joy|surprise|trust
JJ lost,sadness
NN euthanasia,fear|sadness
NN conspiracy,fear
VB endow,trust
JJ delighted,anticipation|joy|surprise
JJ farcical,disgust
NN scandal,fear
VB repelling,disgust
NN petroleum,disgust
NN diamond,joy
VB misrepresented,anger
VB disapprove,anger|disgust|fear|sadness
JJ unbroken,trust
NN strike,anger
VB wan,fear|sadness
VB war,fear
JJ malignant,anger|fear
JJ diseased,disgust|fear|sadness
VB crippled,sadness
NN ovation,sadness
JJ splendid,joy|surprise
NN agitation,anger
VB renegade,anger
VB force,anger|fear
NN medal,anticipation|joy|surprise|trust
VB grudge,anger
VB provide,trust
VB foray,anger
JJ intimate,anticipation|joy|trust
NN blitz,surprise
VB fright,fear|surprise
VB distressed,fear
NN allegation,anger
NN holiness,anticipation|fear|joy|surprise|trust
NN moral,anger|trust
JJ experienced,trust
NN injection,fear
JJ playful,anger|joy|surprise|trust
NN eradication,anger|disgust|fear
NN degeneracy,anger|disgust|sadness
VB rumor,sadness
NN bug,disgust|fear
JJ bovine,disgust
NN bliss,joy
JJ obese,disgust
NN bum,disgust|sadness
VB unsettled,anger|disgust|fear
VB suggest,trust
NN indifference,anger|disgust|fear|sadness
NN expectation,anticipation
JJ interrupted,sadness
NN sweet,anticipation|joy|surprise|trust
JJ thundering,anger|fear
JJ serial,anticipation
NN elegance,anticipation|joy|trust
VB shack,disgust|sadness
JJ worthy,trust
VB vouch,trust
NN edition,anticipation
VB commanding,trust
NN watchman,trust
JJ sinister,anger|disgust|fear
NN courtship,anticipation|joy|trust
NN shit,anger|disgust
NN campaigning,anger|fear
NN exhilaration,joy|surprise
NN calculator,trust
VB coming,anticipation
NN ship,anticipation
NN teasing,anger|fear
VB badger,anger
JJ forced,fear
NN sparkle,anticipation|joy|surprise
JJ fecal,disgust
VB sham,anger|disgust
NN procedure,fear
VB missing,fear|sadness
NN antichrist,anger|disgust|fear
VB uplift,anticipation|joy|trust
NN varicella,disgust|fear|sadness
NN drool,disgust
NN honeymoon,anticipation|joy|surprise|trust
NN requiem,sadness
NN lesson,anticipation|trust
VB argue,anger
NN swerve,fear|surprise
VB fat,disgust|sadness
JJ venomous,anger|disgust|fear
JJ confederate,trust
VB corroborate,trust
NN warranty,trust
NN vision,anticipation
VB choir,joy|trust
VB fenced,anger
NN hymn,anticipation|joy|sadness|trust
RB finally,anticipation|disgust|joy|surprise|trust
NN victory,anticipation|joy|trust
RB daily,anticipation
VB renovate,anticipation
VB panic,fear
VB yearning,anticipation|joy|trust
JJ determinate,anticipation|trust
NN bye,anticipation
NN sweat,fear
NN immigrant,fear
JJ humiliating,disgust
NN rejects,anger|fear|sadness
NN eviction,anger|disgust|fear|sadness
VB flirt,anticipation|joy|surprise|trust
NN lull,anticipation
RB adrift,anticipation|fear|sadness
VB muzzle,fear
JJ winning,anticipation|disgust|joy|sadness|surprise|trust
NN infarct,fear|surprise
JJ blighted,disgust|sadness
NN policy,trust
NN dementia,fear|sadness
NN harmony,joy|trust
VB invade,anger|fear|sadness|surprise
VB smuggle,fear
NN foresight,anticipation|trust
JJ unpaid,anger|sadness
NN cop,fear|trust
NN virulence,anger|fear
VB jeopardize,anger|fear
VB apprehend,fear
NN sinner,anger|disgust|fear|sadness
NN seals,trust
VB depend,anticipation|trust
VB scream,anger|disgust|fear|surprise
NN john,disgust
NN craving,anticipation
NN strife,anger
NN exhaustion,anticipation|sadness
NN aunt,trust
NN presumption,trust
JJ sluggish,sadness
VB volunteers,trust
NN rejoicing,anticipation|joy|surprise
NN thump,anger
NN weird,disgust
JJ endangered,fear
NN commonplace,anticipation|trust
JJ clouded,sadness
VB ache,sadness
RB broadside,anticipation
JJ highest,anticipation|fear|joy|surprise
VB disappointing,sadness
VB persecute,anger|fear
VB flying,fear
VB cradle,anticipation|joy|trust
JJ consequent,anticipation
VB fate,anticipation
VB excite,anger|anticipation|fear|joy|surprise
VB structure,trust
NN hide,fear
NN turbulence,anger|fear
NN underestimate,surprise
NN honesty,trust
NN cur,anger|disgust|fear
NN shrapnel,fear
JJ recognizable,anticipation
NN guardian,trust
NN corrosive,fear
NN leprosy,disgust|fear|sadness
VB whirlpool,fear
NN corpse,disgust|sadness
VB whine,disgust|sadness
VB stripped,anger|anticipation|disgust|fear|sadness
NN sick,disgust|sadness
NN cue,anticipation
NN indent,trust
NN shiver,anger|anticipation|fear|sadness
VB pinion,fear
VB whiteness,joy
VB foresee,anticipation|surprise|trust
NN strategist,anticipation|trust
NN pride,joy
JJ odious,anger|disgust|fear
VB cannon,anger|fear
NN deliverance,anticipation|joy|trust
NN superman,joy|trust
JJ nervous,anticipation|fear
VB farm,anticipation
VB terminate,sadness
VB sentence,anger|anticipation|disgust|fear|sadness
JJ waste,disgust
JJ cracked,anger|fear
JJ extrajudicial,fear
NN lush,disgust|sadness
NN apprehension,fear
NN counsellor,anger|fear|trust
NN foreboding,anticipation|fear
NN police,fear|trust
NN jolt,surprise
VB closure,anticipation|joy|sadness
NN liquor,anger|joy|sadness
NN refutation,fear
JJ unguarded,surprise
VB forfeit,anger|sadness
JJ invalid,sadness
NN trade,trust
NN quarrel,anger
NN infection,fear
NN account,trust
VB forced,fear
NN cry,sadness
NN tract,fear
JJ unthinkable,anger|disgust|fear
VB brawl,anger|disgust|fear
JJ suffering,disgust|fear|sadness
NN idiocy,anger|disgust|sadness
NN proctor,trust
NN achievement,anticipation|joy|trust
NN divan,trust
NN recklessness,anger|disgust|fear|surprise
JJ tumultuous,anger|fear
RB fearfully,fear|sadness|surprise
VB vow,anticipation|joy|trust
NN church,anticipation|joy|trust
VB disheartened,sadness
NN labyrinth,anticipation
NN track,anticipation
JJ bogus,anger|disgust
VB coerce,anger|disgust|fear
NN sanctification,joy|trust
NN luck,anticipation|joy|surprise
NN camouflage,surprise
NN cream,anticipation|joy|surprise
NN hostage,anger|fear
NN admiral,trust
JJ automatic,trust
NN judiciary,anticipation|trust
NN nausea,disgust
NN principal,trust
JJ worn,sadness
NN failing,anger|anticipation|fear|sadness
VB bottom,sadness
RB fain,anticipation|joy|trust
NN difficulties,sadness
JJ coming,anticipation
VB surcharge,anger
NN abbot,trust
VB gazette,trust
VB dishonor,anger|disgust|fear|sadness
NN prick,anger|disgust|fear|surprise
NN apostle,trust
NN majority,joy|trust
VB gush,disgust|joy
VB poll,trust
JJ indecent,disgust
VB poke,anticipation
VB stunned,fear|surprise
VB allure,anticipation|joy|surprise
JJ gubernatorial,trust
VB surprising,surprise
NN precipice,fear
JJ endless,anger|fear|joy|sadness|trust
JJ subversive,anger|surprise
JJ base,trust
JJ romance,anticipation|fear|joy|sadness|surprise|trust
JJ commonplace,anticipation|trust
NN surgery,fear|sadness
NN top,anticipation|trust
JJ faithful,trust
VB preclude,anger
VB fall,sadness
JJ faultless,trust
JJ established,joy
NN phalanx,fear|trust
JJ lone,sadness
JJ long,anticipation
NN concussion,anger|sadness
JJ deranged,anger|disgust|fear
JJ opposed,anger|fear
JJ stark,trust
JJ familiar,trust
RB doubtless,trust
NN duress,anger|disgust|fear|sadness
NN restriction,anger|fear|sadness
VB repress,sadness
JJ frightened,fear|surprise
NN preservative,anticipation|joy|surprise|trust
NN vitality,joy|trust
NN shopping,anticipation|joy|surprise|trust
NN idiot,disgust
NN manure,disgust
VB white,anticipation|joy|trust
NN guidance,trust
JJ present,anticipation|joy|surprise|trust
NN purge,fear
JJ septic,disgust
JJ epidemic,anger|anticipation|disgust|fear|sadness|surprise
VB screech,fear|surprise
JJ star,anticipation|joy|trust
RB pop,surprise
