NN,abacus,neutral
NN,abandon,fear|sadness
VB,abandon,fear|sadness
JJ,abandoned,fear|sadness
VB,abandoned,fear|sadness
NN,abandonment,fear|sadness
NN,abbot,neutral
NN,abduction,fear|sadness|surprise
NN,aberration,disgust
VB,abhor,anger|disgust
JJ,abhorrent,anger|disgust
JJ,abject,disgust
JJ,abnormal,disgust
VB,abolish,neutral
JJ,abominable,disgust|fear
NN,abomination,anger|disgust|fear
NN,abortion,disgust|fear|sadness
JJ,abortive,sadness
JJ,abrupt,surprise
NN,abscess,neutral
NN,absence,neutral
JJ,absent,neutral
VB,absent,neutral
NN,absentee,neutral
NN,absolution,joy|trust
NN,abundance,neutral
JJ,abundant,neutral
NN,abuse,anger|disgust|fear|sadness
VB,abuse,anger|disgust|fear|sadness
JJ,abysmal,neutral
NN,abyss,neutral
JJ,academic,neutral
NN,academic,neutral
VB,accelerate,anticipation
NN,accident,fear|sadness|surprise
JJ,accidental,fear|surprise
NN,accidental,neutral
RB,accidentally,surprise
NN,accolade,anticipation|joy
NN,accompaniment,anticipation
VB,accomplish,joy
JJ,accomplished,joy
NN,accord,trust
VB,accord,trust
NN,account,neutral
VB,account,trust
NN,accountability,trust
JJ,accountable,trust
NN,accountant,neutral
VB,accredit,trust
JJ,accredited,trust
JJ,accurate,trust
VB,accurse,disgust|fear
JJ,accursed,disgust|fear
NN,accusation,anger|disgust
VB,accuse,anger|disgust|fear
NN,accused,anger|disgust|fear
NN,accuser,anger|disgust|fear
JJ,accusing,anger|disgust|fear
NN,ache,sadness
VB,ache,sadness
VB,achieve,joy|trust
NN,achievement,anticipation|joy|trust
JJ,aching,sadness
NN,aching,sadness
VB,acquire,anticipation
NN,acquiring,anticipation
NN,acrobat,neutral
JJ,actionable,anger|disgust
NN,adder,neutral
VB,address,neutral
NN,addresses,neutral
VB,adhere,trust
VB,adjudicate,neutral
JJ,administrative,neutral
JJ,admirable,joy|trust
NN,admiral,neutral
NN,admiration,joy|trust
VB,admire,trust
JJ,admissible,trust
NN,admonition,fear
JJ,adorable,joy
NN,adoration,joy|trust
VB,adore,anticipation|joy|trust
JJ,adrift,anticipation|fear|sadness
RB,adrift,anticipation|fear|sadness
NN,adultery,disgust|sadness
JJ,advance,anticipation|fear|joy|surprise
NN,advance,anticipation|joy
VB,advance,anticipation|joy
NN,advent,anticipation|joy
NN,adventure,anticipation
VB,adventure,anticipation
NN,adversary,anger
JJ,adverse,disgust
NN,adversity,disgust
NN,advice,neutral
JJ,advisable,neutral
VB,advise,neutral
JJ,advised,neutral
NN,adviser,neutral
NN,advocacy,anger|anticipation|joy|trust
NN,advocate,neutral
VB,advocate,neutral
NN,aesthetics,neutral
NN,affection,joy|trust
VB,affirm,trust
RB,affirmatively,trust
VB,afflict,disgust|sadness
NN,affliction,disgust|sadness
NN,affluence,joy
NN,affront,anger|disgust|fear|sadness
VB,affront,anger|disgust|fear|sadness
JJ,afraid,fear
NN,aftermath,anger|disgust|fear|sadness
NN,aga,neutral
VB,aggravate,anger
JJ,aggravated,anger
JJ,aggravating,anger|sadness
NN,aggravation,anger|disgust
NN,aggression,anger|fear
JJ,aggressive,anger|fear
NN,aggressor,anger|fear
JJ,aghast,disgust|fear|surprise
VB,agitate,anger
JJ,agitated,anger
NN,agitation,anger
VB,agonize,fear
JJ,agonizing,fear
NN,agony,anger|disgust|fear|sadness
VB,agree,neutral
JJ,agreeable,neutral
JJ,agreed,neutral
NN,agreement,neutral
NN,ail,neutral
VB,ail,sadness
JJ,ailing,sadness
VB,air,neutral
NN,airport,neutral
NN,airs,disgust
JJ,akin,neutral
NN,alarm,fear|surprise
VB,alarm,fear|surprise
JJ,alarming,fear|surprise
NN,alb,neutral
NN,alcoholism,anger|disgust|fear|sadness
VB,alert,anticipation|fear|surprise
NN,alertness,anticipation|fear|surprise
NN,alerts,anticipation|fear|surprise
JJ,alien,disgust|fear
NN,alien,neutral
VB,alien,neutral
VB,alienate,disgust
JJ,alienated,sadness
NN,alienation,anger|disgust|fear|sadness
JJ,alive,anticipation|joy
NN,allegation,anger
NN,allegiance,neutral
NN,alliance,trust
JJ,allied,trust
NN,allure,anticipation|joy|surprise
VB,allure,anticipation|disgust
NN,ally,trust
VB,ally,trust
NN,aloha,anticipation
NN,altercation,anger
VB,amaze,joy|surprise
RB,amazingly,joy|surprise
NN,ambassador,neutral
NN,ambition,anticipation|joy
VB,ambition,anticipation
NN,ambulance,neutral
NN,ambush,anger|fear|surprise
VB,ambush,anger|fear|surprise
NN,amen,trust
JJ,amicable,joy|trust
NN,ammonia,neutral
NN,amnesty,joy
VB,amnesty,joy
NN,amortization,neutral
NN,amour,joy|trust
NN,amphetamines,neutral
VB,amuse,joy
JJ,amused,joy
NN,amusement,joy
JJ,amusing,joy
NN,anaconda,neutral
NN,analyst,neutral
NN,anarchism,anger|fear
NN,anarchist,anger|fear
NN,anarchy,anger|fear
NN,anathema,disgust
JJ,ancestral,neutral
NN,anchorage,trust
NN,angel,trust
JJ,angelic,trust
NN,anger,anger
VB,anger,anger
NN,angina,neutral
VB,angle,neutral
NN,angling,neutral
JJ,angry,anger|disgust
NN,anguish,anger|fear|sadness
VB,anguish,anger|fear|sadness
VB,animate,joy
JJ,animated,joy
NN,animosity,anger|disgust|fear|sadness
NN,animus,anger|disgust|fear|sadness
VB,annihilate,anger|fear
JJ,annihilated,anger|fear|sadness
NN,annihilation,anger|fear|sadness
NN,announcement,neutral
VB,annoy,anger|disgust
NN,annoyance,anger|disgust
JJ,annoying,anger
NN,annoying,anger
NN,annulment,sadness
NN,anomaly,fear|surprise
JJ,answerable,neutral
NN,antagonism,anger
NN,antagonist,anger
JJ,antagonistic,anger|disgust
NN,anthrax,neutral
NN,antichrist,anger|disgust|fear
NN,anticipation,anticipation
JJ,anticipatory,anticipation
NN,antidote,neutral
JJ,antifungal,neutral
NN,antifungal,neutral
NN,antipathy,anger|disgust
JJ,antiseptic,neutral
NN,antiseptic,neutral
JJ,antisocial,anger|disgust|fear|sadness
NN,antithesis,neutral
NN,anxiety,anger|anticipation|fear|sadness
JJ,anxious,anger|anticipation|fear|sadness
NN,apache,fear
JJ,apathetic,neutral
NN,apathy,neutral
NN,aphid,neutral
JJ,apologetic,trust
VB,apologize,sadness|trust
NN,apostle,neutral
JJ,apostolic,neutral
VB,appal,disgust|fear
JJ,appalling,disgust|fear
NN,appalling,disgust|fear
NN,apparition,fear|surprise
NN,appeal,neutral
VB,appeal,neutral
NN,appendicitis,neutral
NN,applause,joy|surprise
NN,applicant,neutral
NN,appreciation,joy|trust
VB,apprehend,fear
NN,apprehension,fear
JJ,apprehensive,anticipation|fear
NN,apprentice,neutral
VB,apprentice,neutral
JJ,approaching,anticipation
NN,approaching,anticipation
NN,approbation,trust
VB,approve,trust
NN,arbiter,neutral
NN,arbitration,anticipation
NN,arbitrator,neutral
NN,archaeology,neutral
NN,architecture,neutral
JJ,ardent,anticipation|joy
VB,argue,anger
NN,argument,anger
NN,argumentation,anger
JJ,arid,sadness
VB,arm,neutral
NN,armament,neutral
JJ,armed,anger|fear
NN,armor,neutral
VB,armor,neutral
JJ,armored,neutral
NN,armory,trust
VB,arouse,anticipation
NN,arraignment,anger|fear|sadness
NN,arrival,neutral
VB,arrive,neutral
JJ,arrogant,anger|disgust
NN,arsenic,neutral
NN,arson,anger|fear
NN,art,neutral
NN,artillery,neutral
NN,ash,neutral
VB,ash,sadness
JJ,ashamed,disgust|sadness
NN,asp,neutral
NN,aspiration,anticipation|joy|surprise|trust
VB,aspire,anticipation|joy
JJ,aspiring,anticipation|joy|trust
VB,assail,anger|fear|surprise
NN,assailant,anger|fear|sadness
NN,assassin,anger|fear|sadness
VB,assassinate,anger|fear
NN,assassination,anger|fear|sadness
NN,assault,anger|fear
VB,assault,anger|fear
NN,assembly,neutral
VB,assert,trust
JJ,asserting,trust
NN,assessment,trust
NN,assessor,neutral
NN,asshole,anger|disgust
NN,assignee,neutral
NN,assist,trust
VB,assist,trust
JJ,associate,neutral
NN,associate,neutral
VB,associate,neutral
NN,association,neutral
NN,assurance,trust
VB,assure,trust
JJ,assured,trust
RB,assuredly,trust
RB,astonishingly,surprise
NN,astonishment,joy|surprise
RB,astray,fear
NN,astrologer,neutral
NN,astronomer,neutral
NN,asylum,fear
NN,asymmetry,neutral
NN,atherosclerosis,neutral
VB,atone,anticipation|joy|trust
JJ,atrocious,anger|disgust
NN,atrocity,anger|disgust|fear|sadness
NN,atrophy,disgust|sadness
VB,atrophy,disgust|sadness
NN,attack,anger|fear
VB,attack,anger|fear
JJ,attacking,anger|disgust|fear|sadness|surprise
JJ,attainable,anticipation
NN,attempt,anticipation
VB,attempt,anticipation
NN,attendance,neutral
JJ,attendant,neutral
NN,attendant,neutral
JJ,attentive,trust
NN,attenuation,sadness
VB,attest,trust
NN,attestation,trust
NN,attorney,neutral
NN,auction,neutral
VB,auction,neutral
NN,audience,neutral
NN,auditor,neutral
NN,aunt,neutral
JJ,auspicious,anticipation|joy
JJ,austere,sadness
JJ,authentic,trust
VB,authenticate,trust
NN,authentication,trust
NN,authenticity,trust
NN,author,neutral
VB,author,neutral
JJ,authoritative,neutral
NN,authority,trust
NN,authorization,trust
VB,authorize,trust
JJ,automatic,neutral
NN,automatic,neutral
NN,autopsy,neutral
VB,autopsy,neutral
NN,avalanche,neutral
VB,avalanche,neutral
NN,avarice,anger|disgust
NN,avenger,anger
JJ,averse,anger|disgust|fear
NN,aversion,anger|disgust|fear
VB,avoid,neutral
NN,avoidance,neutral
VB,await,anticipation
NN,award,anticipation|joy|surprise
VB,award,anticipation|joy|surprise
JJ,awful,anger|disgust|fear|sadness
RB,awful,neutral
NN,awkwardness,disgust
NN,axiom,trust
JJ,axiomatic,trust
NN,baboon,neutral
NN,baby,neutral
VB,baby,joy
NN,babysitter,neutral
NN,backbone,neutral
NN,backer,neutral
RB,backwards,neutral
NN,backwater,neutral
NN,bacteria,neutral
NN,bacterium,neutral
JJ,bad,disgust|sadness
NN,bad,disgust|sadness
RB,bad,neutral
NN,badge,neutral
VB,badge,neutral
NN,badger,neutral
VB,badger,disgust
RB,badly,neutral
NN,badness,disgust
NN,bailiff,neutral
NN,bait,neutral
VB,bait,disgust|fear
NN,bale,neutral
VB,bale,neutral
NN,ballot,neutral
VB,ballot,neutral
NN,balm,neutral
NN,bane,disgust|fear
NN,bang,anger|disgust|fear|sadness|surprise
RB,bang,anger|surprise
VB,bang,anger|disgust|fear|sadness|surprise
NN,banger,neutral
VB,banish,disgust|fear|sadness
NN,banishment,disgust|fear|sadness
NN,bank,neutral
VB,bank,neutral
NN,banker,neutral
JJ,bankrupt,fear|sadness
NN,bankrupt,fear|sadness
VB,bankrupt,fear|sadness
NN,bankruptcy,disgust|sadness
NN,banquet,anticipation|joy
VB,banquet,anticipation|joy
NN,banshee,anger|disgust|fear|sadness
JJ,baptismal,neutral
NN,barb,anger
VB,barb,anger
JJ,barbarian,disgust
NN,barbarian,disgust
JJ,barbaric,disgust
NN,barf,disgust
VB,barf,disgust
NN,bargain,trust
VB,bargain,trust
NN,bark,neutral
VB,bark,anger
JJ,barren,sadness
NN,barren,sadness
NN,barricade,neutral
VB,barricade,neutral
NN,barrier,neutral
NN,barrow,neutral
NN,bartender,neutral
NN,barter,neutral
VB,barter,neutral
JJ,base,neutral
NN,base,neutral
VB,base,neutral
NN,basketball,neutral
JJ,bastard,disgust
NN,bastard,disgust
NN,bastion,neutral
NN,battalion,neutral
NN,batter,neutral
VB,batter,anger|fear
JJ,battered,anger|fear
NN,battery,neutral
NN,battle,anger
VB,battle,anger
NN,battlefield,fear
NN,bayonet,neutral
VB,bayonet,anger|fear
NN,beach,neutral
VB,beach,neutral
NN,beam,neutral
VB,beam,joy
JJ,beaming,joy
NN,bear,neutral
VB,bear,neutral
JJ,bearish,neutral
NN,beast,anger|fear
JJ,beastly,anger|fear
RB,beastly,disgust|fear
VB,beat,anger|fear|sadness
NN,beating,anger|fear|sadness
NN,beautification,joy
JJ,beautiful,joy
VB,beautify,joy
NN,beauty,joy
NN,bedrock,neutral
NN,bee,neutral
NN,beer,neutral
VB,befriend,joy|trust
VB,beg,disgust
NN,beggar,disgust
VB,beggar,disgust
VB,begun,anticipation
NN,behemoth,fear
VB,believe,trust
NN,believer,trust
NN,believing,trust
VB,belittle,disgust|sadness
JJ,belligerent,anger
NN,belligerent,anger
VB,bellow,anger
NN,bellows,neutral
NN,belt,neutral
VB,belt,anger|fear
NN,benefactor,trust
NN,benevolence,joy|trust
JJ,benign,joy
NN,bequest,trust
VB,bereave,sadness
JJ,bereaved,sadness
NN,bereaved,sadness
NN,bereavement,sadness
JJ,berserk,anger
NN,berserk,anger
JJ,bestial,disgust|fear
VB,betray,disgust|sadness
NN,betrayal,anger|disgust
VB,betroth,anticipation|joy|trust
JJ,betrothed,anticipation|joy|trust
NN,betrothed,anticipation|joy|trust
VB,beware,anticipation|fear
VB,bewilder,fear|surprise
JJ,bewildered,fear|surprise
NN,bewilderment,fear|surprise
JJ,bias,neutral
NN,bias,disgust
VB,bias,disgust
VB,bicker,anger|disgust
NN,bickering,anger|disgust
JJ,biennial,neutral
NN,biennial,neutral
NN,bier,neutral
NN,bigot,anger|disgust
JJ,bigoted,anger|disgust
NN,bile,neutral
NN,biopsy,neutral
JJ,birch,neutral
NN,birch,neutral
VB,birch,neutral
NN,birth,anticipation
VB,birth,anticipation|joy
NN,birthday,anticipation|joy|surprise
NN,birthplace,neutral
NN,bitch,anger|disgust|fear|sadness
VB,bitch,anger|disgust|fear|sadness
RB,bitterly,anger|disgust|sadness
NN,bitterness,anger|disgust|sadness
JJ,bizarre,disgust|surprise
JJ,black,neutral
NN,black,neutral
VB,black,neutral
NN,blackmail,anger|fear
VB,blackmail,anger|fear
NN,blackness,neutral
JJ,blame,anger|disgust
NN,blame,anger|disgust
VB,blame,anger|disgust
JJ,blanket,neutral
NN,blanket,neutral
VB,blanket,neutral
JJ,blasphemous,anger|disgust
NN,blasphemy,anger
NN,blast,anger|fear|surprise
VB,blast,anger|fear|surprise
JJ,blatant,anger|disgust
NN,blaze,neutral
VB,blaze,anger
JJ,bleak,sadness
VB,bleed,disgust|fear|sadness
NN,bleeding,disgust|fear|sadness
NN,blemish,anger|disgust|fear|sadness
VB,blemish,anger|disgust|fear|sadness
VB,bless,anticipation|joy|trust
JJ,blessed,joy
NN,blessing,anticipation|joy|trust
NN,blight,disgust|sadness
VB,blight,disgust|sadness
JJ,blighted,disgust|sadness
JJ,blindfold,neutral
NN,blindfold,neutral
VB,blindfold,neutral
RB,blindly,sadness
NN,blindness,sadness
NN,bliss,joy
JJ,blissful,joy
NN,blister,neutral
VB,blister,disgust
NN,blitz,neutral
VB,blitz,anger|surprise
VB,bloat,disgust
NN,blob,neutral
VB,blob,disgust
NN,blockade,anger|fear|sadness
VB,blockade,anger|fear|sadness
NN,bloodshed,anger|disgust|fear|sadness|surprise
JJ,bloodthirsty,anger|disgust|fear
JJ,bloody,anger|disgust|fear|sadness
RB,bloody,neutral
VB,bloody,anger|disgust|fear|sadness
NN,bloom,anticipation|joy
VB,bloom,anticipation|joy
NN,blossom,neutral
VB,blossom,anticipation|joy
JJ,blue,neutral
NN,blue,neutral
VB,blue,neutral
NN,blues,fear|sadness
NN,blunder,disgust|sadness
VB,blunder,disgust|sadness
NN,board,anticipation
VB,board,neutral
NN,bodyguard,neutral
JJ,bogus,disgust
NN,boil,disgust
VB,boil,neutral
JJ,boisterous,anger|disgust
NN,bomb,anger|fear
VB,bomb,anger|fear
NN,bombard,neutral
VB,bombard,anger|fear
NN,bombardment,anger|fear
NN,bomber,anger|fear
NN,bonanza,joy
NN,bondage,fear|sadness
NN,bonus,anticipation|joy|surprise
NN,boomerang,neutral
VB,boomerang,anticipation
NN,boredom,sadness
VB,bother,anger|sadness
JJ,bottom,sadness
NN,bottom,neutral
VB,bottom,neutral
JJ,bottomless,neutral
JJ,bountiful,anticipation|joy
NN,bounty,anticipation|joy
NN,bouquet,joy
NN,bout,neutral
JJ,bovine,neutral
NN,bovine,neutral
NN,bowels,neutral
VB,box,neutral
NN,boxing,anger
NN,boy,neutral
NN,bran,neutral
NN,brawl,anger|disgust|fear
VB,brawl,anger|disgust|fear
JJ,brazen,anger
VB,brazen,anger
NN,break,surprise
VB,break,anger|sadness
NN,breakup,sadness
NN,bribery,disgust
JJ,bridal,anticipation|joy
NN,bridal,anticipation|joy
NN,bride,anticipation|joy|trust
NN,bridegroom,anticipation|joy|trust
NN,bridesmaid,joy|trust
NN,brigade,anger|fear
VB,brigade,anger|fear
VB,brighten,joy|surprise|trust
JJ,brilliant,anticipation|joy|trust
NN,brimstone,neutral
JJ,broadside,neutral
NN,broadside,neutral
RB,broadside,anticipation
VB,broadside,anticipation
NN,broil,neutral
VB,broil,neutral
JJ,broke,sadness
JJ,broken,anger|fear|sadness
NN,brothel,disgust
NN,brother,neutral
NN,brotherhood,trust
JJ,brotherly,anticipation|joy|trust
RB,brotherly,anticipation|joy|trust
NN,bruise,sadness
VB,bruise,anger|sadness
NN,brunt,anger
JJ,brutal,anger|fear
NN,brutality,anger|fear
JJ,brute,anger|fear|sadness
NN,brute,anger|fear|sadness
NN,buck,neutral
VB,buck,surprise
NN,buddy,trust
NN,budget,neutral
VB,budget,neutral
NN,buffet,neutral
VB,buffet,anger
NN,bug,disgust
VB,bug,disgust
NN,bugaboo,anger|fear|sadness
NN,bugle,neutral
VB,bugle,neutral
JJ,bully,joy|surprise
NN,bully,anger|fear
VB,bully,anger|fear
JJ,bum,disgust|sadness
NN,bum,disgust|sadness
VB,bum,disgust|sadness
NN,bummer,anger|disgust
NN,bunker,neutral
VB,bunker,neutral
JJ,burdensome,sadness
NN,bureaucracy,neutral
NN,bureaucrat,neutral
NN,burglar,disgust|fear
NN,burial,fear|sadness
JJ,buried,fear|sadness
NN,burke,neutral
VB,burke,anger|disgust|fear|sadness
JJ,burlesque,joy
NN,burlesque,joy
VB,burlesque,neutral
JJ,burnt,disgust
VB,burnt,disgust
NN,bursary,neutral
VB,bury,fear|sadness
NN,buss,joy
VB,buss,joy
VB,bust,anger|disgust|fear
JJ,busted,anger|disgust|fear
JJ,butch,neutral
NN,butcher,neutral
VB,butcher,neutral
NN,butler,neutral
NN,buzz,neutral
VB,buzz,neutral
NN,bye,anticipation
NN,bylaw,neutral
NN,cabal,fear
VB,cabal,fear
NN,cabinet,neutral
NN,cable,neutral
VB,cable,neutral
NN,cacophony,anger|disgust
NN,cad,anger|disgust
NN,cadaver,disgust|fear|sadness
NN,cage,neutral
VB,cage,sadness
NN,calamity,sadness
NN,calculation,neutral
NN,calculator,neutral
NN,calf,neutral
NN,call,neutral
VB,call,neutral
JJ,callous,anger|disgust
VB,callous,anger|disgust
NN,camouflage,neutral
VB,camouflage,neutral
JJ,camouflaged,neutral
VB,campaign,neutral
NN,campaigning,neutral
NN,cancel,neutral
VB,cancel,neutral
NN,cancer,neutral
JJ,candid,anticipation
NN,cane,neutral
VB,cane,anger|fear
NN,canker,neutral
VB,canker,anger|disgust
NN,cannibal,disgust|fear
NN,cannibalism,disgust
NN,cannon,neutral
VB,cannon,anger|fear
NN,canon,neutral
NN,cap,neutral
VB,cap,neutral
VB,captivate,anticipation|joy|surprise|trust
JJ,captive,fear|sadness
NN,captive,fear|sadness
NN,captivity,fear|sadness
NN,captor,fear
NN,carcass,disgust|fear|sadness
NN,carcinoma,neutral
NN,cardiomyopathy,neutral
NN,career,neutral
VB,career,anticipation
NN,carelessness,disgust
NN,caretaker,neutral
NN,caries,neutral
NN,carnage,anger|disgust|fear|sadness
JJ,carnivorous,fear
NN,carol,joy
VB,carol,joy
NN,cartridge,neutral
NN,case,neutral
VB,case,fear|sadness
NN,cash,neutral
VB,cash,neutral
NN,cashier,neutral
VB,cashier,disgust|sadness
NN,casket,neutral
VB,casket,fear|sadness
NN,casualty,fear|sadness
NN,cataract,neutral
NN,catastrophe,disgust|fear|sadness
NN,catch,surprise
VB,catch,surprise
NN,catechism,neutral
JJ,cathedral,neutral
NN,cathedral,neutral
NN,caution,anger|anticipation|fear
VB,caution,anger|anticipation|fear
JJ,cautionary,fear
JJ,cautious,anticipation|fear
NN,cautious,anticipation|fear
RB,cautiously,anticipation|fear
JJ,celebrated,anticipation
NN,celebration,joy|surprise
NN,celebrity,surprise
VB,celecbrate,anticipation|joy
JJ,celestial,anticipation|joy
NN,cement,neutral
VB,cement,anticipation|trust
NN,cemetery,fear|sadness
NN,censor,neutral
VB,censor,neutral
JJ,center,neutral
NN,center,neutral
VB,center,neutral
NN,ceremony,joy|surprise
VB,certify,trust
NN,cess,neutral
NN,chaff,neutral
VB,chaff,anger|disgust
NN,chagrin,disgust|sadness
VB,chagrin,disgust|sadness
NN,chairman,neutral
VB,chairman,trust
NN,chairwoman,neutral
NN,challenge,anger
VB,challenge,anger
JJ,champion,anticipation|joy
NN,champion,anticipation|joy
VB,champion,anticipation
JJ,chance,surprise
NN,chance,surprise
VB,chance,surprise
NN,chancellor,neutral
NN,change,neutral
VB,change,neutral
JJ,changeable,neutral
NN,chant,neutral
VB,chant,neutral
NN,chaos,anger|fear|sadness
JJ,chaotic,anger|fear|sadness
NN,chaplain,neutral
JJ,chargeable,fear|sadness
JJ,charitable,neutral
NN,charity,neutral
VB,charm,joy
JJ,charmed,joy
NN,chart,neutral
VB,chart,neutral
NN,chasm,neutral
NN,chastity,anticipation|trust
NN,cheat,anger|disgust
VB,cheat,anger|disgust
NN,checklist,neutral
NN,cheer,joy|surprise
VB,cheer,joy|surprise
JJ,cheerful,joy|surprise
NN,cheerfulness,joy|surprise
JJ,cheering,joy
NN,cheering,joy
JJ,cheery,anticipation|joy
NN,chemist,neutral
VB,cherish,anticipation|joy|surprise|trust
NN,chicane,disgust
VB,chicane,anger|disgust
JJ,chicken,fear
NN,chicken,neutral
NN,child,neutral
NN,childhood,neutral
NN,chimera,fear|surprise
NN,chirp,neutral
VB,chirp,neutral
NN,chocolate,neutral
NN,choir,joy
VB,choir,joy
NN,choke,neutral
VB,choke,anger|sadness
NN,cholera,neutral
JJ,choral,neutral
NN,choral,neutral
JJ,chronic,sadness
NN,chronicle,neutral
VB,chronicle,neutral
NN,chuckle,anticipation|joy|surprise
VB,chuckle,anticipation|joy|surprise
NN,church,neutral
VB,church,neutral
NN,civilization,neutral
VB,civilize,neutral
JJ,civilized,neutral
NN,claimant,neutral
NN,clamor,anger|disgust
VB,clamor,anger|disgust
NN,clan,neutral
NN,clap,surprise
VB,clap,joy|surprise
NN,clash,anger
VB,clash,anger
JJ,clashing,anger
NN,classics,neutral
NN,claw,neutral
VB,claw,anger|fear
JJ,clean,neutral
NN,clean,neutral
RB,clean,neutral
VB,clean,neutral
NN,clearance,neutral
VB,cleave,neutral
JJ,clerical,neutral
NN,cliff,neutral
NN,climax,neutral
VB,climax,anticipation|joy|surprise|trust
NN,clock,neutral
VB,clock,anticipation
NN,closeness,joy|trust
NN,closure,anticipation
VB,closure,anticipation
VB,cloud,neutral
JJ,clouded,sadness
NN,cloudiness,neutral
JJ,cloudy,sadness
NN,clown,disgust
VB,clown,anticipation|joy|surprise
NN,clue,anticipation
VB,clue,neutral
JJ,clumsy,disgust
NN,coach,neutral
VB,coach,neutral
VB,coalesce,neutral
NN,coax,neutral
VB,coax,neutral
NN,cobra,neutral
NN,cocaine,neutral
VB,coerce,anger|disgust|fear
NN,coercion,anger|disgust|fear|sadness
VB,coexist,trust
JJ,coexisting,neutral
NN,coffin,neutral
VB,coffin,fear|sadness
JJ,cogent,trust
NN,cohesion,trust
JJ,cohesive,trust
NN,coincidence,neutral
NN,coldness,neutral
NN,collaborator,trust
NN,collapse,disgust|fear|sadness
VB,collapse,disgust|fear|sadness
JJ,collateral,neutral
NN,collateral,trust
RB,collectively,neutral
NN,collision,anger
NN,collusion,trust
NN,colonel,neutral
NN,coma,fear|sadness
JJ,comatose,fear|sadness
NN,combat,anger|fear
VB,combat,anger|fear
JJ,combatant,anger|fear
NN,combatant,anger|fear
JJ,combative,anger|fear
VB,come,neutral
NN,comfort,anticipation|joy|trust
VB,comfort,anticipation|joy|trust
JJ,coming,anticipation
NN,coming,neutral
VB,command,neutral
NN,commandant,neutral
JJ,commanding,neutral
VB,commemorate,anticipation
NN,commemoration,anticipation|joy
JJ,commemorative,anticipation
NN,commemorative,anticipation
JJ,commendable,joy|trust
RB,commendable,joy|trust
NN,commerce,neutral
NN,commission,neutral
VB,commission,neutral
VB,commit,disgust
NN,committal,sadness
JJ,committed,trust
NN,committee,neutral
NN,commodore,neutral
JJ,commonplace,neutral
NN,commonplace,neutral
NN,commonwealth,neutral
NN,commotion,anger
VB,communicate,neutral
NN,communication,neutral
NN,communion,joy|trust
NN,communism,neutral
JJ,compact,neutral
NN,compact,neutral
VB,compact,neutral
NN,companion,neutral
VB,companion,trust
NN,compass,neutral
VB,compass,neutral
NN,compassion,sadness
VB,compensate,anticipation
NN,competence,neutral
NN,competency,neutral
JJ,competent,trust
NN,competition,neutral
VB,complain,anger|sadness
NN,complaint,anger
NN,complement,neutral
VB,complement,neutral
VB,complete,neutral
JJ,completing,neutral
NN,completion,neutral
NN,compliance,trust
VB,complicate,anger
NN,compliment,joy|surprise
VB,compliment,joy|surprise
NN,compost,neutral
VB,compost,neutral
NN,compress,neutral
VB,compress,neutral
NN,comptroller,neutral
NN,compulsion,anger
NN,comrade,trust
VB,conceal,neutral
JJ,concealed,neutral
NN,concealment,neutral
VB,concern,neutral
JJ,concerned,neutral
NN,conciliation,joy|trust
NN,concord,trust
VB,concord,trust
NN,concordance,trust
NN,concussion,anger|sadness
VB,condemn,anger
NN,condemnation,anger|disgust
NN,condescension,anger|disgust|sadness
NN,condolence,sadness
JJ,confederate,trust
NN,confederate,trust
VB,confederate,trust
VB,confess,fear|sadness
NN,confession,fear|sadness
NN,confessional,neutral
VB,confide,trust
NN,confidence,trust
JJ,confident,trust
JJ,confidential,trust
RB,confidentially,trust
VB,confine,anger|fear|sadness
JJ,confined,anger|disgust|fear|sadness
NN,confinement,disgust|fear|sadness
VB,confirm,trust
NN,confirmation,trust
JJ,confirmed,trust
JJ,confiscate,anger|sadness
VB,confiscate,anger|sadness
NN,conflagration,fear
NN,conflict,anger
VB,conflict,anger
NN,conformity,trust
VB,confront,anger
NN,confusion,disgust
JJ,conglomerate,neutral
NN,conglomerate,neutral
VB,conglomerate,neutral
JJ,congratulatory,joy
NN,congregation,neutral
NN,congress,neutral
NN,congressman,neutral
NN,congruence,trust
NN,conjecture,anticipation
VB,conjecture,anticipation
VB,conjure,surprise
JJ,connective,trust
NN,connective,neutral
NN,connoisseur,trust
NN,conquest,anger
NN,conscience,trust
JJ,conscientious,trust
NN,consecration,anticipation|joy|trust
JJ,consequent,anticipation
NN,conservation,anticipation|trust
JJ,considerate,trust
NN,consistency,trust
NN,console,neutral
VB,console,sadness
NN,consort,neutral
VB,consort,trust
NN,conspiracy,fear
NN,conspirator,disgust
VB,conspire,disgust
NN,constable,neutral
NN,constancy,trust
JJ,constant,neutral
NN,constant,neutral
RB,constantly,neutral
NN,consternation,fear
NN,constipation,neutral
VB,constitute,neutral
JJ,constitutional,neutral
NN,constitutional,neutral
VB,constrain,fear
NN,constraint,anger|fear|sadness
NN,consul,neutral
VB,consult,trust
NN,contagion,neutral
JJ,contagious,neutral
VB,contaminate,disgust
JJ,contaminated,disgust|fear
NN,contamination,disgust
NN,contempt,anger|disgust
JJ,contemptible,anger|disgust
JJ,contemptuous,anger
JJ,content,joy
NN,content,neutral
VB,content,joy
JJ,contentious,anger|disgust|fear
JJ,contingent,anticipation
NN,contingent,anticipation
NN,continuation,anticipation
VB,continue,anticipation
JJ,contraband,anger|disgust|fear
NN,contraband,neutral
VB,contradict,anger
NN,contributor,trust
JJ,controversial,anger
NN,convent,neutral
NN,convergence,anticipation
NN,conveyancing,neutral
NN,convict,disgust|fear|sadness
VB,convict,disgust|fear|sadness
VB,convince,anticipation
JJ,convinced,trust
JJ,convincing,trust
NN,coop,neutral
VB,cooperating,trust
NN,cooperation,trust
JJ,cooperative,trust
NN,cooperative,neutral
NN,cop,neutral
VB,cop,neutral
NN,copycat,disgust
NN,coronation,neutral
NN,corporation,neutral
NN,corpse,disgust|sadness
NN,correctness,trust
NN,correspondence,neutral
VB,corroborate,trust
NN,corroboration,trust
JJ,corrosive,neutral
NN,corrosive,neutral
VB,corrupt,disgust
JJ,corrupting,disgust
NN,corruption,disgust
NN,corse,neutral
JJ,cosmopolitan,neutral
NN,cosmopolitan,neutral
NN,couch,neutral
VB,couch,neutral
NN,cough,neutral
VB,cough,neutral
NN,council,neutral
NN,counsel,neutral
VB,counsel,neutral
NN,counsellor,neutral
NN,counselor,trust
NN,count,neutral
VB,count,neutral
NN,countdown,anticipation
NN,countryman,neutral
NN,county,neutral
NN,coup,anger|surprise
JJ,courageous,trust
NN,courier,neutral
NN,court,neutral
VB,court,neutral
NN,courtship,neutral
NN,cove,neutral
NN,covenant,neutral
VB,covenant,trust
NN,cover,neutral
VB,cover,neutral
NN,coward,disgust|fear|sadness
NN,cowardice,fear
JJ,cowardly,fear
JJ,coy,fear
NN,coyote,neutral
JJ,crabby,anger
VB,crack,neutral
JJ,cracked,anger|fear
NN,cradle,neutral
VB,cradle,neutral
NN,cramp,neutral
VB,cramp,neutral
JJ,cranky,anger
NN,crap,disgust
VB,crap,disgust
NN,craps,neutral
NN,crash,fear|sadness|surprise
VB,crash,fear|sadness|surprise
VB,crave,anticipation
NN,craving,anticipation
NN,crawl,neutral
VB,crawl,neutral
VB,craze,anger|fear
JJ,crazed,anger|fear
JJ,crazy,anger|fear|sadness
NN,crazy,anger|fear|sadness
NN,cream,neutral
VB,cream,neutral
VB,create,neutral
NN,creature,neutral
NN,credence,trust
NN,credential,neutral
NN,credibility,trust
JJ,credible,trust
NN,credit,trust
VB,credit,trust
JJ,creditable,trust
VB,creep,neutral
NN,creeping,neutral
NN,cremation,sadness
JJ,crescendo,neutral
NN,crescendo,neutral
VB,crescendo,neutral
NN,crew,neutral
VB,crew,neutral
NN,crime,anger|disgust
JJ,criminal,anger|disgust|fear
NN,criminal,anger|disgust|fear
NN,criminality,anger|disgust|fear
VB,cringe,disgust|fear|sadness
NN,cripple,sadness
VB,cripple,fear|sadness
JJ,crippled,sadness
JJ,crisp,trust
NN,crisp,neutral
VB,crisp,neutral
NN,criticism,anger|sadness
VB,criticize,anger|disgust|sadness
NN,critter,neutral
NN,crocodile,neutral
JJ,cross,neutral
NN,cross,neutral
VB,cross,neutral
NN,crouch,neutral
VB,crouch,neutral
VB,crown,joy|surprise|trust
JJ,crowning,joy|trust
JJ,crucial,trust
NN,crucifixion,anger|disgust|fear|sadness
JJ,crude,disgust
NN,crude,neutral
JJ,cruel,anger|disgust|sadness
RB,cruelly,anger|disgust|sadness
NN,cruelty,anger|disgust|sadness
VB,crumble,sadness
NN,crunch,neutral
VB,crunch,neutral
NN,crusade,anger|fear
VB,crusade,anger|fear
VB,crush,anger|disgust
JJ,crushed,anger|disgust
JJ,crushing,anger|disgust
NN,crushing,anger|disgust
JJ,crusty,disgust
NN,cry,sadness
VB,cry,sadness
JJ,crying,sadness
NN,crying,sadness
NN,crypt,neutral
NN,cube,neutral
VB,cube,neutral
NN,cuckold,disgust
VB,cuckold,disgust
NN,cuddle,joy|trust
VB,cuddle,joy|trust
NN,cue,anticipation
VB,cue,anticipation
JJ,culinary,neutral
NN,cult,neutral
VB,cultivate,anticipation
JJ,cumbersome,sadness
VB,cup,neutral
NN,cupping,neutral
NN,cur,anger|disgust|fear
JJ,curable,trust
NN,curiosity,anticipation|surprise
NN,curse,anger|disgust|sadness
VB,curse,anger|disgust|sadness
JJ,cursed,anger|disgust|sadness
VB,cuss,anger
JJ,cussed,disgust
NN,custodian,neutral
NN,custody,neutral
VB,cut,neutral
NN,cutter,neutral
JJ,cutthroat,anger|fear
NN,cutthroat,anger|fear
JJ,cutting,anger|disgust|fear|sadness
NN,cutting,neutral
NN,cyanide,neutral
NN,cyclone,neutral
NN,cyst,neutral
JJ,cystic,neutral
NN,cytomegalovirus,neutral
VB,dabble,neutral
NN,daemon,anger|disgust|fear|sadness
JJ,daft,disgust
NN,dagger,neutral
JJ,daily,neutral
NN,daily,neutral
RB,daily,neutral
NN,damage,anger|disgust|sadness
VB,damage,anger|disgust|sadness
NN,damages,sadness
NN,dame,neutral
JJ,damn,anger|disgust
NN,damn,anger|disgust
RB,damn,neutral
VB,damn,anger|disgust
NN,damnation,anger|fear|sadness
NN,dance,joy
VB,dance,joy
JJ,dandy,neutral
NN,dandy,neutral
NN,danger,fear|sadness
JJ,dangerous,fear
JJ,dank,disgust
NN,dare,anticipation
VB,dare,anticipation|trust
JJ,dark,neutral
NN,dark,neutral
VB,darken,neutral
JJ,darkened,neutral
NN,darkness,neutral
JJ,darling,joy|trust
NN,darling,joy|trust
NN,dart,neutral
VB,dart,neutral
VB,dash,neutral
JJ,dashed,neutral
JJ,dastardly,anger|disgust|fear
NN,daughter,neutral
NN,dawn,neutral
VB,dawn,neutral
NN,deacon,neutral
JJ,deadly,anger|disgust|fear|sadness
RB,deadly,anger|disgust|fear|sadness
NN,deal,neutral
VB,deal,neutral
NN,dealings,neutral
NN,death,anticipation|disgust|fear|sadness
NN,debacle,fear|sadness
NN,debauchery,disgust|fear
NN,debenture,anticipation
NN,debris,disgust
NN,debt,sadness
NN,decay,fear|sadness
VB,decay,disgust|sadness
JJ,decayed,disgust|sadness
VB,decease,sadness
JJ,deceased,sadness
NN,deceased,sadness
NN,deceit,anger|disgust|fear|sadness|surprise
JJ,deceitful,disgust|sadness
VB,deceive,anger|disgust|sadness
VB,decompose,neutral
NN,decomposition,neutral
NN,decoy,surprise
VB,decoy,surprise
VB,decry,anger
NN,deed,neutral
NN,defamation,disgust|fear
JJ,defamatory,anger
NN,default,neutral
VB,default,neutral
VB,defeat,joy
JJ,defeated,sadness
NN,defeated,sadness
NN,defect,disgust
VB,defect,disgust
NN,defection,fear
JJ,defective,disgust
VB,defend,trust
NN,defendant,anger|fear|sadness
NN,defender,trust
NN,defense,anger|anticipation|fear
JJ,defenseless,fear|sadness
RB,defenseless,fear|sadness
NN,deference,trust
NN,defiance,anger|disgust|fear
JJ,defiant,anger
JJ,definitive,trust
VB,deflate,neutral
NN,deflation,neutral
VB,deform,neutral
JJ,deformed,disgust|sadness
NN,deformity,disgust|fear|sadness
VB,defraud,disgust
JJ,defunct,neutral
VB,defy,anger|fear|sadness
NN,degeneracy,anger|disgust|sadness
VB,degrade,disgust
JJ,degrading,disgust|fear|sadness
NN,delay,disgust|sadness
VB,delay,disgust|sadness
NN,delegate,trust
VB,delegate,trust
JJ,deleterious,anger|disgust|fear
JJ,delicious,joy
NN,delicious,joy
NN,delight,anticipation|joy
VB,delight,anticipation|joy
JJ,delighted,anticipation|joy|surprise
JJ,delightful,anticipation|joy
JJ,delinquent,anger|disgust
NN,delinquent,anger|disgust
JJ,delirious,sadness
NN,delirium,disgust|sadness
NN,deliverance,anticipation|joy|trust
NN,delivery,neutral
NN,deluge,fear|sadness|surprise
VB,deluge,fear|sadness|surprise
NN,delusion,fear
JJ,delusional,fear
NN,demand,neutral
VB,demand,anger
JJ,demented,fear
NN,dementia,fear|sadness
NN,demise,fear|sadness
VB,demise,neutral
VB,demolish,anger|sadness
NN,demon,anger|disgust|fear|sadness
JJ,demonic,anger|disgust|fear|sadness
JJ,demonstrative,neutral
NN,demonstrative,neutral
VB,demoralize,fear|sadness
JJ,demoralized,fear|sadness
VB,denounce,anger|disgust
NN,dentistry,neutral
NN,denunciation,anger|disgust|fear
VB,deny,anger
VB,depart,neutral
JJ,departed,neutral
NN,departed,sadness
NN,departure,neutral
VB,depend,neutral
NN,dependence,neutral
JJ,dependent,trust
NN,dependent,trust
JJ,deplorable,disgust|sadness
VB,deplore,anger|disgust|sadness
VB,deport,neutral
NN,deportation,anger|fear|sadness
NN,depository,trust
VB,deprave,disgust|sadness
JJ,depraved,disgust|sadness
NN,depravity,anger|disgust
VB,depreciate,anger|disgust
NN,depreciation,neutral
VB,depress,fear|sadness
JJ,depressed,fear|sadness
JJ,depressing,disgust|sadness
NN,depression,sadness
NN,depressive,sadness
NN,deprivation,disgust|fear|sadness
NN,depth,neutral
NN,deputy,neutral
VB,derange,anger|disgust|fear
JJ,deranged,anger|disgust|fear
NN,derision,anger|disgust
NN,dermatologist,neutral
NN,derogation,anger|disgust|sadness
JJ,derogatory,anger|disgust|sadness
NN,descent,neutral
NN,desecration,anger|disgust|fear|sadness
NN,desert,neutral
VB,desert,anger|disgust|fear|sadness
JJ,deserted,anger|disgust|fear|sadness
VB,deserve,anticipation|trust
NN,designation,neutral
VB,desist,disgust
NN,desolation,fear|sadness
NN,despair,sadness
VB,despair,sadness
JJ,despairing,sadness
JJ,despicable,anger|disgust
VB,despise,anger|disgust
JJ,despotic,anger
NN,despotism,anger|disgust|fear|sadness
NN,destination,neutral
VB,destine,anticipation
JJ,destined,anticipation
JJ,destitute,sadness
VB,destroy,anger|fear|sadness
JJ,destroyed,anger|fear|sadness
NN,destroyer,anger|fear
NN,destruction,anger
JJ,destructive,anger|disgust|fear
NN,detainee,anger|fear|sadness
NN,detention,sadness
VB,deteriorate,disgust|sadness
NN,deterioration,disgust|sadness
JJ,determinate,anticipation
NN,determination,neutral
VB,detest,anger|disgust
VB,detonate,fear|surprise
NN,detonation,anger
VB,detract,neutral
VB,devastate,anger|fear|sadness
JJ,devastating,anger|disgust|fear|sadness
VB,devastating,anger|disgust|fear|sadness
NN,devastation,anger|disgust|fear|sadness
VB,develop,anticipation
NN,deviation,neutral
NN,devil,anger|disgust|fear|sadness
VB,devil,anger|disgust|fear|sadness
JJ,devilish,disgust|fear
RB,devilish,disgust|fear
JJ,devotional,neutral
NN,devotional,neutral
JJ,devout,neutral
JJ,diabolical,anger|disgust|fear
NN,diagnosis,anticipation
NN,diamond,neutral
NN,diaper,neutral
NN,diarrhoea,neutral
NN,diary,neutral
NN,diatribe,anger|disgust
NN,dictator,disgust
JJ,dictatorial,anger
NN,dictatorship,anger|disgust|fear|sadness
NN,dictionary,neutral
NN,dictum,trust
NN,die,neutral
VB,die,fear|sadness
JJ,dietary,neutral
NN,dietary,anticipation
JJ,differential,neutral
NN,differential,neutral
RB,differently,neutral
JJ,difficult,disgust|fear
NN,difficulty,anger|fear|sadness
NN,digit,neutral
NN,dignity,trust
VB,digress,neutral
NN,dike,disgust
VB,dike,neutral
VB,dilapidate,disgust|sadness
JJ,dilapidated,disgust|sadness
NN,diligence,trust
VB,diminish,neutral
NN,dinosaur,neutral
NN,diplomacy,neutral
JJ,diplomatic,neutral
JJ,dire,disgust|fear|sadness
NN,director,neutral
JJ,dirt,neutral
NN,dirt,neutral
JJ,dirty,disgust
VB,dirty,disgust
NN,disability,sadness
VB,disable,neutral
JJ,disabled,sadness
NN,disabled,sadness
VB,disagree,anger
NN,disagreement,anger|sadness
VB,disallow,anger|disgust
VB,disappear,fear
VB,disappoint,anger|disgust|sadness
JJ,disappointed,anger|disgust|sadness
JJ,disappointing,sadness
NN,disappointment,disgust|sadness
NN,disapproval,sadness
VB,disapprove,anger|disgust|sadness
JJ,disapproving,anger|disgust|sadness
NN,disaster,anger|disgust|fear|sadness
JJ,disastrous,anger|fear|sadness
NN,disciple,trust
NN,discipline,neutral
VB,discipline,neutral
VB,disclaim,neutral
VB,disclose,neutral
JJ,disclosed,neutral
VB,discolor,neutral
NN,discoloration,neutral
NN,discomfort,sadness
NN,disconnect,sadness
VB,disconnect,neutral
JJ,disconnected,neutral
JJ,discontent,anger|disgust|sadness
NN,discontent,anger|disgust|sadness
VB,discontent,anger|disgust|sadness
NN,discontinuity,neutral
NN,discord,anger|disgust
VB,discord,anger|disgust
VB,discourage,sadness
JJ,discreet,anticipation
NN,discretion,anticipation|trust
JJ,discriminate,neutral
VB,discriminate,neutral
JJ,discriminating,disgust
NN,discrimination,anger|disgust|fear|sadness
NN,disdain,anger|disgust
VB,disdain,anger|disgust
NN,disease,neutral
JJ,diseased,neutral
JJ,disembodied,fear|sadness
VB,disembody,fear|sadness
VB,disfigure,disgust|sadness
JJ,disfigured,disgust|sadness
NN,disgrace,anger|disgust|sadness
VB,disgrace,anger|disgust|sadness
JJ,disgraced,anger|disgust|sadness
JJ,disgraceful,anger|disgust
VB,disgruntle,anger|disgust|sadness
JJ,disgruntled,anger|disgust|sadness
NN,disgust,disgust
VB,disgust,disgust
JJ,disgusting,disgust
VB,dishearten,sadness
JJ,disheartened,sadness
JJ,disheartening,sadness
JJ,dishonest,anger|disgust|sadness
NN,dishonesty,disgust
NN,dishonor,anger|disgust|sadness
VB,dishonor,anger|disgust|sadness
NN,disillusionment,anger|disgust|sadness
NN,disinformation,neutral
JJ,disingenuous,disgust
VB,disintegrate,neutral
NN,dislike,anger|disgust
VB,dislike,anger|disgust
JJ,disliked,anger|sadness
VB,dislocate,neutral
JJ,dislocated,neutral
JJ,dismal,disgust|sadness
NN,dismay,anger|fear|sadness
VB,dismay,anger|fear|sadness
NN,dismemberment,disgust|fear|sadness
NN,dismissal,neutral
NN,disobedience,anger|disgust
JJ,disobedient,anger
VB,disobey,anger|disgust
NN,disorder,sadness
VB,disorder,fear
VB,disparage,anger|disgust|sadness
JJ,disparaging,anger|disgust|sadness
NN,disparity,anger|disgust|sadness
JJ,dispassionate,sadness
VB,dispel,sadness
VB,displace,neutral
VB,displease,anger|disgust|sadness
JJ,displeased,anger|disgust|sadness
NN,displeasure,disgust
VB,dispose,neutral
JJ,disposed,neutral
VB,dispossess,neutral
JJ,dispossessed,fear|sadness
NN,dispute,anger
VB,dispute,anger
JJ,disqualified,disgust|sadness
VB,disqualify,neutral
VB,disregard,disgust
JJ,disregarded,disgust
JJ,disreputable,disgust
NN,disrespect,anger
VB,disrespect,anger
JJ,disrespectful,anger|disgust
NN,disruption,anger|disgust
NN,dissection,neutral
NN,dissension,anger
NN,disservice,anger|disgust|sadness
JJ,dissident,anger|fear
NN,dissident,anger|fear
NN,dissolution,neutral
NN,dissonance,anger
NN,distaste,disgust
JJ,distasteful,disgust
VB,distort,disgust
JJ,distorted,disgust
VB,distract,neutral
JJ,distracted,neutral
JJ,distraught,sadness
NN,distress,anger|disgust|fear|sadness
VB,distress,anger|disgust|fear|sadness
JJ,distressed,sadness
JJ,distressing,anger|fear
NN,distrust,disgust
VB,distrust,disgust
VB,disturb,anger|sadness
NN,disturbance,anger|sadness
JJ,disturbed,anger|sadness
JJ,disused,neutral
NN,ditty,neutral
NN,divan,neutral
JJ,divergent,neutral
NN,diversion,surprise
NN,divination,neutral
NN,divorce,anger|disgust|fear|sadness
VB,divorce,anger|disgust|fear|sadness
NN,doctor,neutral
VB,doctor,neutral
NN,doctrine,neutral
NN,dogma,neutral
NN,doldrums,neutral
NN,dole,neutral
NN,doll,neutral
NN,dolor,sadness
NN,dolphin,neutral
JJ,dominant,neutral
NN,dominant,neutral
VB,dominate,neutral
NN,domination,anger|fear|sadness
NN,dominion,neutral
NN,don,neutral
VB,don,neutral
NN,donkey,neutral
NN,doom,fear|sadness
VB,doom,fear|sadness
JJ,doomed,fear|sadness
NN,doomed,fear|sadness
NN,doomsday,neutral
NN,doubt,neutral
VB,doubt,neutral
RB,doubtless,trust
NN,dove,neutral
VB,dove,neutral
NN,downfall,fear|sadness
JJ,downright,trust
RB,downright,trust
JJ,drab,sadness
NN,drab,neutral
NN,draft,neutral
VB,draft,neutral
NN,dragon,fear
JJ,dread,anticipation|fear
NN,dread,anticipation|fear
VB,dread,anticipation|fear
JJ,dreadful,anger|disgust|fear|sadness
RB,dreadfully,disgust|fear|sadness|surprise
JJ,dreary,sadness
NN,drivel,disgust
VB,drivel,disgust
NN,drool,disgust
VB,drool,joy
VB,drown,neutral
VB,drug,sadness
JJ,drugged,sadness
JJ,drunken,disgust
JJ,dubious,fear
NN,duel,anger|fear
VB,duel,anger|fear
JJ,dull,sadness
VB,dull,sadness
NN,dumps,anger|sadness
VB,dumps,anger|sadness
NN,dung,disgust
VB,dung,neutral
NN,dungeon,fear
NN,dupe,anger
VB,dupe,anger
NN,duplicity,anger
NN,durability,trust
JJ,durable,neutral
NN,duress,anger|disgust|fear|sadness
JJ,dutiful,anticipation|trust
VB,dwarfed,neutral
JJ,dying,fear|sadness
NN,dying,fear|sadness
JJ,dynamic,neutral
NN,dynamic,neutral
NN,dysentery,neutral
JJ,eager,anticipation|joy|surprise
NN,eager,anticipation|joy|surprise
NN,eagerness,anticipation|joy|surprise
NN,eagle,neutral
VB,eagle,neutral
NN,earthquake,neutral
NN,economy,neutral
NN,ecstasy,anticipation|joy
JJ,ecstatic,anticipation|joy|surprise
NN,edict,neutral
NN,edification,anticipation|joy|trust
NN,edition,neutral
JJ,educational,neutral
NN,eel,neutral
JJ,effective,neutral
JJ,efficient,anticipation|trust
NN,effigy,neutral
JJ,egotistical,disgust
JJ,egregious,anger|disgust
NN,ejaculation,joy|surprise
VB,elate,joy
JJ,elated,joy
NN,elbow,neutral
VB,elbow,anger
JJ,elder,neutral
NN,elder,neutral
NN,elders,neutral
JJ,elect,trust
NN,elect,neutral
VB,elect,neutral
NN,electorate,neutral
JJ,electric,neutral
NN,electric,neutral
NN,elegance,anticipation|joy|trust
JJ,elegant,joy
NN,elevation,neutral
NN,elf,neutral
NN,elimination,neutral
JJ,elite,anticipation|joy|trust
NN,elite,neutral
VB,elucidate,trust
JJ,elusive,neutral
VB,emaciate,sadness
JJ,emaciated,sadness
NN,emancipation,anticipation|joy
VB,embarrass,sadness
NN,embarrassment,fear|sadness|surprise
NN,embolism,neutral
NN,embrace,joy|surprise|trust
VB,embrace,neutral
NN,emergency,fear|sadness|surprise
NN,eminence,trust
VB,emphasize,neutral
NN,employ,neutral
VB,employ,neutral
NN,emptiness,neutral
VB,enable,trust
VB,enchant,joy|surprise
JJ,enchanted,joy|surprise
JJ,enchanting,joy|surprise
VB,encourage,joy|trust
NN,encroachment,fear
NN,encumbrance,anger|fear|sadness
NN,encyclopedia,neutral
VB,endanger,anticipation|fear
JJ,endangered,fear
NN,endeavor,anticipation
VB,endeavor,anticipation
JJ,endemic,disgust|fear|sadness
NN,endemic,disgust|fear|sadness
JJ,endless,neutral
NN,endocarditis,neutral
VB,endow,trust
NN,endowment,neutral
NN,enema,neutral
NN,enemy,anger|disgust|fear
VB,enforce,anger|fear
VB,engage,anticipation
JJ,engaged,anticipation
JJ,engaging,joy|trust
VB,engulf,neutral
JJ,enigmatic,neutral
VB,enjoy,anticipation|joy
VB,enlighten,joy|trust
NN,enlightenment,joy|trust
VB,enliven,joy|surprise|trust
NN,enmity,anger|fear|sadness
VB,enroll,anticipation
NN,ensemble,neutral
VB,enslave,anger|disgust|fear|sadness
VB,entangle,anger|disgust|fear|sadness
JJ,entangled,anger|disgust|fear|sadness
VB,entertain,joy
JJ,entertained,joy
JJ,entertaining,anticipation|joy
NN,entertainment,anticipation|joy|surprise|trust
NN,enthusiasm,anticipation|joy|surprise
NN,enthusiast,anticipation|joy|surprise
NN,entrails,neutral
VB,entrust,trust
JJ,epidemic,anger|disgust|fear|sadness
NN,epidemic,anger|disgust|fear|sadness
JJ,episcopal,neutral
NN,epitaph,sadness
NN,equality,neutral
VB,eradicate,anger
NN,eradication,anger|disgust|fear
VB,erase,neutral
JJ,erotic,anticipation|joy|surprise
NN,erotic,neutral
NN,errand,neutral
JJ,erratic,neutral
NN,error,sadness
VB,erupt,anger|surprise
NN,eruption,anger|fear|surprise
VB,escalate,neutral
NN,escape,anticipation|fear
VB,escape,anticipation|fear
JJ,escaped,fear
VB,eschew,fear
NN,escort,trust
VB,escort,trust
VB,establish,neutral
JJ,established,neutral
NN,esteem,joy|trust
VB,esteem,joy|trust
JJ,ethereal,neutral
NN,euthanasia,fear|sadness
VB,evacuate,fear
VB,evade,neutral
NN,evanescence,neutral
NN,evasion,fear|sadness
JJ,eventual,neutral
NN,eventuality,neutral
JJ,evergreen,neutral
NN,evergreen,neutral
VB,evict,sadness
NN,eviction,anger|disgust|fear|sadness
JJ,evident,trust
JJ,evil,anger|disgust|fear|sadness
NN,evil,anger|disgust|fear|sadness
NN,exacerbation,anger|fear
VB,exaggerate,neutral
VB,exalt,joy|trust
NN,exaltation,joy|trust
JJ,exalted,joy|trust
NN,examination,neutral
NN,exasperation,anger|disgust
NN,excavation,neutral
VB,exceed,neutral
VB,excel,anticipation|joy|surprise|trust
NN,excellence,joy|trust
JJ,excellent,joy|trust
NN,exchange,neutral
VB,exchange,neutral
NN,excitation,joy|surprise
VB,excite,joy|surprise
JJ,excited,joy|surprise
NN,excitement,joy|surprise
JJ,exciting,joy|surprise
VB,exclaim,surprise
VB,exclude,neutral
NN,exclusion,neutral
NN,excrement,disgust
NN,excretion,neutral
VB,excruciate,fear
JJ,excruciating,fear
NN,execution,anger|fear|sadness
NN,executioner,neutral
NN,executor,neutral
VB,exhaust,sadness
JJ,exhausted,sadness
NN,exhaustion,sadness
JJ,exhaustive,trust
NN,exhilaration,joy|surprise
JJ,exigent,anticipation|disgust
NN,exile,anger|fear|sadness
VB,exile,anger|fear|sadness
NN,exorcism,fear|sadness
VB,expect,anticipation
NN,expectancy,anticipation
JJ,expectant,anticipation
NN,expectation,anticipation
JJ,expected,anticipation
JJ,expedient,joy|trust
NN,expedient,neutral
NN,expedition,neutral
VB,expel,anger|disgust|fear|sadness
VB,experience,trust
JJ,experienced,trust
NN,experiment,anticipation
VB,experiment,anticipation
JJ,expert,trust
NN,expert,trust
NN,expertise,trust
VB,expire,neutral
VB,explain,neutral
NN,expletive,neutral
VB,explode,anger|fear|sadness|surprise
VB,explore,neutral
NN,explosion,fear|surprise
JJ,explosive,anger|anticipation|fear|surprise
NN,explosive,neutral
NN,expose,fear
VB,expose,anticipation
NN,expulsion,anger|disgust|fear|sadness
JJ,exquisite,neutral
VB,exterminate,fear|sadness
NN,extermination,anger|fear
JJ,extinct,neutral
VB,extinguish,anger
JJ,extrajudicial,neutral
VB,extricate,anticipation
NN,exuberance,joy
NN,eyewitness,trust
VB,eyewitness,trust
NN,fabrication,neutral
NN,fact,neutral
NN,faculty,neutral
NN,faeces,disgust
VB,fail,anger|anticipation|fear|sadness
JJ,failing,anger|anticipation|fear|sadness
NN,failing,anger|anticipation|fear|sadness
NN,failure,disgust|fear|sadness
JJ,fain,neutral
RB,fain,trust
VB,faint,fear|sadness|surprise
RB,fairly,trust
NN,faith,anticipation|trust
JJ,faithful,trust
NN,faithful,trust
JJ,faithless,disgust
NN,fall,neutral
VB,fall,neutral
JJ,fallacious,anger
JJ,falling,neutral
NN,falsehood,disgust
NN,falsification,disgust
VB,falsify,disgust
NN,falsity,disgust
NN,falter,fear
VB,falter,fear
JJ,familiar,neutral
NN,familiar,neutral
NN,familiarity,anticipation
NN,famine,sadness
NN,fanaticism,fear
JJ,fancy,joy
NN,fancy,neutral
VB,fancy,anticipation
NN,fanfare,anticipation|joy|surprise
NN,fang,neutral
NN,fangs,neutral
JJ,farcical,disgust
NN,farm,neutral
VB,farm,neutral
VB,fast,neutral
NN,fasting,sadness
JJ,fat,neutral
NN,fat,neutral
VB,fat,neutral
JJ,fatal,anger|fear|sadness
NN,fatality,fear|sadness
NN,fate,anticipation
VB,fate,anticipation
NN,father,neutral
VB,father,neutral
VB,fatigue,sadness
JJ,fatigued,sadness
JJ,fatty,neutral
NN,fatty,disgust
NN,fault,sadness
VB,fault,sadness
JJ,faultless,trust
JJ,favorable,anticipation|joy|trust
JJ,favorite,joy
NN,favorite,joy
NN,fear,anger|fear
VB,fear,anger|fear
JJ,fearful,fear
RB,fearfully,fear|sadness|surprise
JJ,fearless,neutral
NN,feat,anticipation|joy|surprise
JJ,fecal,disgust
NN,feces,disgust
NN,fee,neutral
VB,fee,neutral
JJ,feeble,sadness
VB,feel,neutral
NN,feeling,neutral
NN,felicity,joy
JJ,fell,sadness
NN,fell,neutral
VB,fell,neutral
NN,fellow,neutral
NN,felon,fear
VB,fence,anger
NN,fender,neutral
NN,ferment,anticipation
VB,ferment,anticipation
NN,fermentation,anticipation
JJ,ferocious,anger|disgust|fear
NN,ferocity,anger
NN,fervor,anger|joy
NN,festival,anticipation|joy|surprise
JJ,festive,joy
NN,fete,anticipation|joy|surprise
VB,fete,anticipation|joy|surprise
NN,feud,anger
VB,feud,anger
NN,feudalism,neutral
NN,fever,neutral
NN,fib,anger
VB,fib,anger
NN,fidelity,trust
NN,fiend,anger|disgust|fear
JJ,fierce,anger|disgust|fear
NN,fiesta,anticipation|joy|surprise
NN,fight,anger|fear
VB,fight,anger|fear
JJ,fighting,anger
NN,fighting,anger
NN,fill,neutral
VB,fill,neutral
NN,filth,disgust
JJ,filthy,disgust
RB,finally,neutral
VB,find,neutral
NN,fire,neutral
VB,fire,fear
NN,firearms,neutral
NN,fireman,neutral
NN,firmness,trust
JJ,firstborn,neutral
NN,firstborn,neutral
NN,fit,anger
VB,fits,neutral
JJ,fitting,anticipation|joy|trust
NN,fitting,anticipation|joy|trust
JJ,fix,neutral
VB,fix,neutral
JJ,flabby,disgust
JJ,flaccid,sadness
JJ,flagrant,anger|disgust
NN,flagship,trust
NN,flange,neutral
VB,flatter,disgust
JJ,flattering,joy
NN,flatulence,disgust
NN,flaw,sadness
VB,flaw,sadness
NN,flea,neutral
VB,flee,fear
NN,fleece,neutral
VB,fleece,anger|disgust|sadness
NN,flesh,neutral
VB,flesh,neutral
NN,flinch,anticipation|disgust|fear|sadness
VB,flinch,anticipation|disgust|fear|sadness
NN,flirt,joy|surprise
VB,flirt,joy|surprise
VB,flog,anger|disgust|fear|sadness
NN,flood,neutral
VB,flood,neutral
NN,flop,neutral
RB,flop,neutral
VB,flop,disgust|sadness
NN,flounder,neutral
VB,flounder,sadness
NN,flu,neutral
NN,fluctuation,neutral
NN,fluke,surprise
VB,fly,neutral
JJ,flying,neutral
NN,flying,neutral
NN,foe,anger|fear
NN,follower,trust
NN,fondness,joy
NN,food,neutral
NN,fool,disgust
VB,fool,disgust
VB,foot,neutral
NN,football,neutral
NN,footing,neutral
NN,foray,anger
VB,foray,anger
VB,forbid,anger
JJ,forbidding,anger
NN,forbidding,anger
NN,force,anger|fear
VB,force,anger|fear
JJ,forced,anger|fear
RB,forcibly,anger|fear
NN,forearm,anger|anticipation
VB,forearm,anticipation
VB,forebode,anticipation
JJ,foreboding,anticipation|fear
NN,foreboding,anticipation|fear
NN,forecast,anticipation
VB,forecast,anticipation
VB,foreclose,fear|sadness
NN,forefathers,neutral
NN,foreigner,neutral
VB,foresee,anticipation
NN,foresight,anticipation
VB,forewarn,anticipation|fear
JJ,forfeit,anger|sadness
NN,forfeit,anger|sadness
VB,forfeit,anger|sadness
NN,forfeiture,fear|sadness
VB,forget,neutral
VB,forgive,trust
JJ,forgiving,trust
JJ,forgotten,neutral
JJ,forlorn,sadness
VB,form,neutral
NN,formality,trust
JJ,formative,neutral
NN,formative,neutral
JJ,formidable,fear
NN,formula,neutral
VB,forsake,sadness
NN,fort,neutral
VB,fort,trust
NN,fortitude,trust
NN,fortress,neutral
NN,fortune,neutral
JJ,foul,anger|disgust|fear
NN,foul,neutral
VB,foul,neutral
JJ,found,neutral
NN,found,neutral
JJ,fragile,sadness
NN,frailty,sadness
NN,framework,neutral
JJ,frank,trust
NN,frank,neutral
VB,frank,neutral
NN,frankness,trust
JJ,frantic,disgust|fear|surprise
JJ,fraternal,trust
NN,fraud,anger
JJ,fraudulent,disgust
JJ,fraught,fear|sadness
VB,fray,sadness
JJ,frayed,sadness
JJ,freakish,disgust|fear|surprise
NN,freedom,joy|trust
RB,freely,joy|trust
JJ,frenetic,anger|fear|surprise
JJ,frenzied,anger|fear
NN,fret,fear
VB,fret,fear
NN,friction,anger
NN,friend,trust
NN,friendliness,trust
JJ,friendly,trust
NN,friendly,trust
NN,friendship,trust
NN,frigate,neutral
NN,fright,fear|surprise
VB,fright,fear|surprise
VB,frighten,fear|surprise
JJ,frightened,fear|surprise
JJ,frightful,anger|fear|sadness
JJ,frisky,anticipation|joy|surprise
NN,frolic,joy
VB,frolic,joy
NN,frown,sadness
VB,frown,sadness
JJ,frowning,anger|disgust|sadness
JJ,fruitless,sadness
VB,frustrate,anger|disgust|sadness
JJ,frustrated,anger
NN,frustration,anger
JJ,fugitive,neutral
NN,fugitive,anger|disgust|fear|sadness
VB,fulfill,joy
NN,fulfillment,anticipation|joy|trust
RB,fully,neutral
VB,fume,anger
NN,fun,anticipation|joy
JJ,fundamental,neutral
NN,fundamental,neutral
NN,funeral,sadness
NN,fungus,neutral
NN,funk,sadness
VB,funk,sadness
JJ,furious,anger|disgust
RB,furiously,anger
NN,furnace,neutral
NN,furor,anger
NN,furrow,neutral
VB,furrow,neutral
NN,fury,anger|fear|sadness
NN,fuse,neutral
VB,fuse,neutral
NN,fuss,anger|sadness
VB,fuss,fear
JJ,fussy,disgust
JJ,futile,sadness
NN,gag,joy
VB,gag,disgust
NN,gage,neutral
VB,gage,trust
NN,gain,anticipation
VB,gain,anticipation
NN,gall,disgust
VB,gall,anger|disgust
NN,gallows,anger|fear|sadness
VB,gamble,anticipation|surprise
NN,gambler,anticipation|surprise
NN,gambling,anticipation|surprise
NN,gang,anger|fear
VB,gang,neutral
NN,gape,surprise
VB,gape,surprise
NN,garbage,disgust
NN,garden,neutral
VB,garden,neutral
JJ,garish,disgust|surprise
NN,garrison,neutral
VB,garrison,neutral
NN,gash,neutral
VB,gash,fear
NN,gasp,surprise
VB,gasp,surprise
NN,gate,neutral
VB,gate,neutral
NN,gateway,neutral
VB,gauge,neutral
NN,gawk,disgust
VB,gawk,surprise
NN,gazette,neutral
VB,gazette,neutral
NN,gelatin,neutral
NN,gem,neutral
JJ,general,neutral
NN,general,neutral
VB,general,neutral
NN,generosity,anticipation|joy|surprise|trust
JJ,generous,joy|trust
JJ,genial,joy
NN,gent,trust
NN,gentleman,trust
NN,gentry,neutral
JJ,genuine,neutral
JJ,geriatric,neutral
NN,germ,anticipation|disgust
NN,germination,anticipation
JJ,ghastly,disgust|fear
NN,ghetto,disgust|fear|sadness
NN,ghost,fear
VB,ghost,fear
JJ,ghostly,fear
JJ,giant,neutral
NN,giant,neutral
NN,gibberish,neutral
NN,gift,joy|surprise
VB,gift,joy|surprise
NN,giggle,joy
VB,giggle,joy
NN,girder,neutral
JJ,glad,anticipation|joy
NN,glad,neutral
NN,gladiator,fear
NN,gladness,joy
NN,glare,anger|fear
VB,glare,anger|fear
JJ,glaring,anger
NN,glee,joy
NN,glide,neutral
VB,glide,neutral
NN,glimmer,neutral
VB,glimmer,anticipation|joy|surprise
NN,glitter,neutral
VB,glitter,neutral
NN,gloom,sadness
JJ,gloomy,sadness
NN,glorification,joy
VB,glorify,anticipation|joy|surprise|trust
NN,glory,anticipation|joy|trust
VB,glory,anticipation|joy|trust
NN,glow,anticipation|joy
VB,glow,neutral
JJ,glum,sadness
NN,glut,disgust
VB,glut,disgust
NN,gluttony,disgust
NN,gnome,neutral
NN,gob,neutral
NN,goblin,disgust|fear
NN,god,neutral
JJ,godless,neutral
JJ,godly,joy|trust
NN,godsend,joy|surprise
NN,gonorrhea,neutral
NN,goo,disgust
JJ,good,anticipation
NN,good,anticipation|joy|surprise|trust
RB,good,anticipation|joy|surprise|trust
NN,goodness,neutral
NN,gore,disgust
VB,gore,disgust
NN,gorge,neutral
VB,gorge,disgust
JJ,gorgeous,joy
JJ,gory,disgust
NN,gospel,neutral
VB,govern,neutral
NN,governess,trust
VB,governess,neutral
NN,government,neutral
NN,governor,neutral
NN,grab,neutral
VB,grab,neutral
JJ,gradual,neutral
NN,gradual,neutral
NN,graduation,anticipation|joy
NN,grammar,neutral
NN,grandchildren,neutral
NN,grandfather,neutral
NN,grant,anticipation
VB,grant,anticipation
VB,grasp,anticipation
JJ,grasping,disgust
NN,grasping,anticipation
VB,grate,neutral
VB,gratify,joy|surprise
JJ,grating,anger|disgust
NN,grating,neutral
NN,gratitude,joy
JJ,gratuitous,disgust
JJ,grave,sadness
NN,grave,fear|sadness
VB,grave,neutral
VB,gravitate,anticipation
JJ,gray,neutral
NN,gray,neutral
VB,gray,neutral
JJ,greasy,disgust
NN,greatness,joy|surprise|trust
NN,greed,anger|disgust
JJ,greedy,disgust
JJ,green,neutral
NN,green,neutral
VB,green,neutral
VB,greet,neutral
NN,greeting,neutral
NN,grenade,neutral
NN,grief,sadness
NN,grievance,anger|disgust|sadness
VB,grieve,fear|sadness
JJ,grievous,anger|fear|sadness
JJ,grim,anger|anticipation|disgust|fear|sadness
NN,grime,disgust
VB,grime,disgust
JJ,grimy,disgust
NN,grin,disgust
VB,grin,disgust
JJ,grisly,disgust|fear
NN,grit,neutral
VB,grit,neutral
JJ,grizzly,neutral
NN,grizzly,neutral
NN,groan,disgust|sadness
VB,groan,disgust|sadness
NN,grope,disgust|fear
VB,grope,disgust|fear
JJ,gross,disgust
NN,gross,neutral
VB,gross,neutral
JJ,grotesque,disgust
NN,grotesque,disgust
NN,ground,neutral
VB,ground,neutral
VB,grow,neutral
NN,growl,anger|fear
VB,growl,anger|fear
NN,growling,anger|disgust|fear
NN,grudge,anger
VB,grudge,anger
JJ,gruesome,disgust
JJ,gruff,anger|disgust
NN,grumble,anger|disgust
VB,grumble,anger|disgust
JJ,grumpy,anger|disgust|sadness
NN,guarantee,trust
VB,guarantee,trust
NN,guard,trust
VB,guard,trust
JJ,guarded,neutral
NN,guardian,trust
NN,guardianship,trust
JJ,gubernatorial,neutral
NN,guerilla,neutral
NN,guess,neutral
VB,guess,neutral
NN,guidance,neutral
NN,guide,trust
VB,guide,trust
NN,guidebook,neutral
NN,guillotine,anticipation|disgust|fear|sadness
VB,guillotine,anger|anticipation|disgust|fear|sadness
NN,guilt,disgust|sadness
JJ,guilty,anger|sadness
JJ,gullible,disgust|sadness
NN,gulp,neutral
VB,gulp,neutral
NN,gun,neutral
VB,gun,anger|fear
NN,gunpowder,neutral
NN,guru,neutral
NN,gush,neutral
VB,gush,neutral
NN,gusset,neutral
NN,gut,neutral
VB,gut,disgust
NN,gutter,neutral
VB,gutter,neutral
JJ,habitual,neutral
NN,hag,disgust|fear
JJ,haggard,sadness
NN,haggard,neutral
NN,hail,neutral
VB,hail,trust
JJ,hairy,disgust
NN,hallucination,fear
NN,halter,anger|fear|sadness
VB,halter,anger|fear|sadness
JJ,halting,sadness
VB,halting,neutral
NN,hamstring,neutral
VB,hamstring,neutral
NN,handbook,neutral
NN,handicap,sadness
VB,handicap,sadness
NN,hanging,neutral
VB,hanging,neutral
NN,hangman,fear
NN,hankering,anticipation
VB,hankering,anticipation
NN,hap,anticipation|surprise
VB,hap,anticipation|surprise
VB,happen,anticipation
RB,happily,joy
NN,happiness,anticipation|joy
JJ,happy,anticipation|joy|trust
VB,harass,anger|disgust
NN,harbinger,anticipation
VB,harbinger,anticipation
NN,harbor,neutral
VB,harbor,trust
JJ,hardened,anger|disgust|fear
VB,hardened,neutral
NN,hardship,sadness
JJ,hardy,neutral
NN,hardy,neutral
NN,harlot,disgust
NN,harm,fear
VB,harm,fear
JJ,harmful,anger|disgust|fear|sadness
RB,harmoniously,neutral
NN,harmony,neutral
VB,harrow,neutral
JJ,harrowing,fear
VB,harry,anger|sadness
NN,harshness,anger|fear
NN,harvest,neutral
VB,harvest,neutral
NN,haste,anticipation
NN,hate,anger|disgust|fear|sadness
VB,hate,anger|disgust|fear|sadness
JJ,hateful,anger|disgust|fear|sadness
NN,hatred,anger|disgust|fear|sadness
JJ,haughty,anger
NN,haunt,neutral
VB,haunt,fear
JJ,haunted,fear|sadness
NN,haven,trust
NN,havoc,anger|fear
NN,hawk,neutral
VB,hawk,neutral
NN,hazard,fear
VB,hazard,fear
JJ,hazardous,fear
NN,haze,neutral
VB,haze,fear
NN,headlight,neutral
VB,heal,anticipation|joy
JJ,healing,anticipation|joy
NN,healing,anticipation|joy
JJ,healthful,joy
VB,hear,neutral
JJ,hearing,neutral
NN,hearing,neutral
NN,hearse,neutral
NN,heartache,sadness
JJ,heartfelt,trust
RB,heartily,joy
JJ,heartless,sadness
JJ,heathen,neutral
NN,heathen,neutral
JJ,heavenly,anticipation|joy
NN,heavens,joy
NN,hedonism,joy
NN,heft,neutral
VB,heft,neutral
VB,heighten,neutral
NN,hell,anger|disgust|fear|sadness
JJ,hellish,anger|disgust|fear|sadness
NN,helmet,neutral
NN,helper,trust
JJ,helpful,joy|trust
JJ,helpless,fear|sadness
NN,helplessness,fear|sadness
NN,hemorrhage,disgust|fear|sadness
VB,hemorrhage,disgust|fear|sadness
NN,heretic,disgust
NN,heritage,neutral
JJ,hermaphrodite,neutral
NN,hermaphrodite,neutral
NN,hermit,sadness
NN,hero,anticipation|joy|surprise|trust
JJ,heroic,joy|surprise|trust
NN,heroic,joy|surprise|trust
NN,heroine,trust
NN,heroism,anticipation|joy|surprise|trust
NN,herpes,neutral
NN,hesitation,fear
NN,heyday,anticipation|joy|trust
NN,hide,neutral
VB,hide,neutral
JJ,hideous,disgust|fear|sadness
NN,hiding,fear
JJ,highest,anticipation
JJ,hilarious,joy|surprise
NN,hilarity,joy
JJ,hindering,sadness
VB,hindering,sadness
NN,hire,neutral
VB,hire,neutral
NN,hiss,anger
VB,hiss,anger
NN,hit,neutral
VB,hit,anger
JJ,hoary,neutral
NN,hoax,anger|disgust|sadness|surprise
VB,hoax,anger|disgust|sadness|surprise
NN,hobby,joy
NN,hobo,sadness
NN,hog,disgust
VB,hog,disgust
NN,holiday,anticipation|joy
VB,holiday,anticipation|joy
NN,holiness,anticipation|trust
JJ,hollow,neutral
NN,hollow,neutral
VB,hollow,neutral
NN,holocaust,anger|disgust|fear|sadness
JJ,homeless,anger|anticipation|disgust|fear|sadness
NN,homeless,anger|anticipation|disgust|fear|sadness
JJ,homesick,sadness
NN,homework,neutral
JJ,homicidal,anger|fear
NN,homicide,anger|disgust|fear|sadness
JJ,honest,trust
NN,honesty,trust
NN,honeymoon,anticipation|joy|surprise
VB,honeymoon,anticipation|joy|surprise
NN,honor,trust
VB,honor,trust
JJ,honorable,trust
NN,hood,anger|disgust|fear
VB,hood,neutral
NN,hoot,neutral
VB,hoot,anger|disgust
NN,hope,anticipation|joy|surprise
VB,hope,anticipation|joy|surprise
JJ,hopeful,anticipation|joy|surprise
NN,hopeful,anticipation|joy|surprise
JJ,hopeless,fear|sadness
NN,hopelessness,disgust|fear|sadness
NN,horde,surprise
NN,horizon,neutral
NN,horoscope,anticipation
JJ,horrible,anger|disgust|fear
JJ,horrid,anger|disgust|fear|sadness
JJ,horrific,anger|disgust|fear|sadness
JJ,horrified,fear
VB,horrify,fear
JJ,horrifying,disgust|fear|sadness
NN,horror,disgust|fear|sadness
NN,horse,neutral
VB,horse,neutral
NN,hospice,neutral
NN,hospital,neutral
NN,hostage,anger|fear
JJ,hostile,anger|disgust|fear
NN,hostile,anger|disgust|fear
NN,hostilities,anger|fear
NN,hostility,anger|disgust
JJ,hot,neutral
NN,howl,anger|disgust|fear|sadness|surprise
VB,howl,anger|disgust|fear|sadness|surprise
NN,huff,anger|disgust
VB,huff,disgust
NN,hug,joy|trust
VB,hug,joy|trust
NN,hulk,neutral
VB,hulk,neutral
JJ,humanitarian,anticipation|trust
NN,humanitarian,anticipation|trust
NN,humanity,trust
JJ,humble,disgust|sadness
VB,humble,disgust|sadness
JJ,humbled,sadness
NN,humbug,anger|disgust|sadness
VB,humbug,anger|disgust
VB,humiliate,anger|sadness
JJ,humiliating,disgust
NN,humiliation,disgust|sadness
NN,humility,trust
JJ,humorous,joy
JJ,hungry,neutral
VB,hunt,neutral
NN,hunter,neutral
NN,hunting,neutral
NN,hurrah,joy
VB,hurrah,joy
NN,hurricane,neutral
JJ,hurried,anticipation
NN,hurry,anticipation
VB,hurry,anticipation
JJ,hurt,anger|fear|sadness
NN,hurt,anger|fear|sadness
VB,hurt,anger|fear|sadness
JJ,hurtful,anger|disgust|fear|sadness
NN,hurting,anger|fear|sadness
NN,husbandry,neutral
NN,hut,neutral
NN,hydra,fear
NN,hydrocephalus,neutral
NN,hymn,neutral
VB,hymn,neutral
NN,hype,anticipation
VB,hype,anticipation
NN,hypertrophy,neutral
VB,hypertrophy,neutral
NN,hypocrite,disgust
JJ,hypocritical,disgust
NN,hypothesis,anticipation
NN,hysteria,fear
JJ,hysterical,anger|fear
NN,idiocy,disgust|sadness
NN,idiot,disgust
JJ,idiotic,disgust
NN,idolatry,neutral
JJ,ignorant,disgust
JJ,ill,disgust|sadness
NN,ill,disgust|sadness
RB,ill,disgust|sadness
JJ,illegal,anger|disgust|fear|sadness
NN,illegality,anger|disgust|fear
JJ,illegitimate,disgust|fear|sadness
NN,illegitimate,disgust
JJ,illicit,disgust|fear
JJ,illiterate,disgust
NN,illiterate,disgust
NN,illness,sadness
VB,illuminate,anticipation
NN,illumination,neutral
NN,illusion,surprise
JJ,immaculate,neutral
JJ,immature,neutral
NN,immaturity,neutral
NN,immediacy,neutral
RB,immediately,anticipation
VB,immerse,neutral
NN,immigrant,neutral
JJ,imminent,anticipation
JJ,immoral,anger|disgust|fear|sadness
NN,immorality,disgust
NN,immortality,neutral
JJ,immovable,neutral
NN,immovable,neutral
NN,immunization,neutral
VB,impart,neutral
JJ,impartial,neutral
NN,impartiality,neutral
JJ,impatient,anticipation
VB,impeach,disgust|fear
JJ,impeccable,trust
VB,impend,anticipation
JJ,impending,anticipation
JJ,impenetrable,neutral
JJ,impermeable,neutral
VB,implicate,neutral
JJ,impolite,disgust
NN,importance,anticipation
JJ,important,trust
JJ,impossible,sadness
NN,impossible,sadness
NN,impotence,anger|fear|sadness
JJ,impressionable,trust
VB,imprison,anger|disgust|fear|sadness
JJ,imprisoned,anger|disgust|fear|sadness
NN,imprisonment,anger|disgust|fear|sadness
VB,improve,anticipation
NN,improvement,joy|trust
NN,improvisation,neutral
VB,improvise,neutral
JJ,imprudent,sadness
JJ,impure,neutral
NN,impurity,disgust
NN,inability,sadness
JJ,inadequate,sadness
JJ,inadmissible,anger|disgust
JJ,inappropriate,disgust|sadness
NN,inattention,neutral
JJ,inaugural,anticipation
NN,inaugural,anticipation
NN,inauguration,anticipation
NN,incarceration,anger|disgust|fear|sadness
VB,incase,neutral
JJ,incendiary,anger|fear
NN,incendiary,anger|fear
NN,incense,neutral
VB,incense,neutral
NN,incest,anger|disgust|fear|sadness
JJ,incestuous,disgust
JJ,incident,neutral
NN,incident,surprise
VB,incite,anticipation
NN,incline,neutral
VB,incline,neutral
NN,inclusion,neutral
NN,income,neutral
JJ,incompatible,anger|disgust|sadness
JJ,incompetent,disgust|sadness
NN,incompetent,disgust|sadness
JJ,incongruous,disgust|sadness
JJ,inconsequential,sadness
JJ,inconsiderate,disgust|sadness
NN,incontinence,disgust
JJ,inconvenient,disgust|sadness
JJ,incredulous,neutral
NN,incrimination,fear|sadness
NN,incubus,disgust|fear
JJ,incurable,fear|sadness
NN,incurable,fear|sadness
NN,incursion,fear
NN,indecency,anger|disgust
JJ,indecent,disgust
JJ,indefensible,fear
JJ,indelible,neutral
NN,indemnity,trust
NN,indent,neutral
VB,indent,neutral
NN,indenture,neutral
VB,indenture,neutral
NN,independence,anticipation|joy|surprise|trust
JJ,indestructible,trust
VB,indict,anger|fear
NN,indictment,fear
NN,indifference,disgust|sadness
JJ,indigent,sadness
JJ,indignant,anger
NN,indignation,anger|disgust
JJ,indivisible,neutral
NN,indoctrination,neutral
JJ,indomitable,neutral
JJ,ineffectual,neutral
NN,inefficiency,disgust|sadness
JJ,inefficient,sadness
JJ,inept,anger|disgust
NN,ineptitude,disgust|fear|sadness
NN,inequality,sadness
JJ,inexcusable,disgust|sadness
JJ,inexplicable,neutral
NN,infallibility,trust
JJ,infamous,anger|disgust|fear
NN,infamy,sadness
NN,infant,neutral
NN,infanticide,anger|disgust|fear|sadness
JJ,infantile,neutral
NN,infarct,neutral
VB,infect,neutral
NN,infection,neutral
JJ,infectious,neutral
JJ,inferior,sadness
NN,inferior,sadness
NN,inferno,anger|fear
NN,infertility,sadness
NN,infestation,disgust|fear
NN,infidel,neutral
NN,infidelity,anger|disgust|fear|sadness
NN,infinity,neutral
NN,infirmity,sadness
NN,inflation,neutral
VB,inflict,anger|fear|sadness
NN,infliction,fear|sadness
JJ,influential,trust
VB,inform,neutral
NN,infraction,anger|disgust
JJ,infrequent,neutral
NN,inheritance,anticipation
VB,inhibit,anger|disgust|sadness
JJ,inhospitable,neutral
JJ,inhuman,anger|disgust
NN,inhumanity,disgust
JJ,inimical,anger
JJ,inimitable,neutral
NN,iniquity,disgust
NN,injection,neutral
VB,injure,anger|fear|sadness
JJ,injured,fear|sadness
JJ,injurious,anger|fear|sadness
NN,injury,anger|fear|sadness
NN,injustice,anger
NN,inmate,fear
JJ,innocent,trust
NN,innocent,neutral
NN,inoculation,neutral
JJ,inoperative,neutral
NN,inquiry,neutral
JJ,insane,anger|fear
NN,insanity,anger|disgust|fear|sadness
JJ,insecure,fear
NN,insecurity,fear
JJ,inseparable,neutral
JJ,insidious,anger|disgust|fear
JJ,insignificant,neutral
NN,insolvency,fear|sadness
JJ,insolvent,fear|sadness
NN,insolvent,fear|sadness
NN,inspiration,anticipation|joy
VB,inspire,neutral
JJ,inspired,trust
NN,instability,disgust|fear
VB,install,neutral
JJ,instinctive,neutral
NN,institute,neutral
VB,institute,neutral
VB,instruct,neutral
NN,instruction,neutral
NN,instructions,neutral
NN,instructor,neutral
NN,insufficiency,neutral
NN,insulation,neutral
NN,insult,anger|disgust|sadness
VB,insult,anger|disgust|sadness
JJ,insulting,anger|disgust|sadness
VB,insure,trust
JJ,insurmountable,neutral
NN,insurrection,anger
JJ,intact,trust
NN,integrity,trust
NN,intelligence,trust
JJ,intelligent,trust
VB,intend,neutral
JJ,intended,anticipation
JJ,intense,neutral
VB,inter,sadness
VB,intercede,neutral
NN,intercession,trust
VB,interest,neutral
JJ,interested,joy
JJ,interim,neutral
NN,interim,neutral
JJ,interior,neutral
NN,interior,neutral
NN,interment,sadness
JJ,interminable,anticipation
NN,intermission,anticipation
VB,interrogate,neutral
NN,interrogation,fear
NN,interrupt,neutral
VB,interrupt,neutral
JJ,interrupted,neutral
NN,intervention,neutral
NN,interviewer,neutral
JJ,intestinal,neutral
JJ,intimate,joy|trust
NN,intimate,trust
VB,intimate,neutral
RB,intimately,neutral
VB,intimidate,fear
NN,intimidation,anger|fear
JJ,intolerable,disgust
NN,intolerance,anger|disgust|fear
JJ,intolerant,anger|disgust|fear|sadness
VB,intoxicate,joy
JJ,intoxicated,disgust
JJ,intractable,anger
NN,intrigue,anticipation|surprise
VB,intrigue,anticipation|surprise
NN,intruder,anger|fear
NN,intrusion,fear
JJ,intrusive,anger|disgust|fear|surprise
NN,intuition,trust
RB,intuitively,neutral
VB,invade,anger|fear|sadness|surprise
NN,invader,anger|fear|sadness
JJ,invalid,neutral
NN,invalid,sadness
VB,invalid,sadness
NN,invasion,anger
NN,investigation,anticipation
NN,invitation,anticipation
NN,invite,anticipation|joy|surprise
VB,invite,anticipation|joy|surprise
JJ,inviting,anticipation|joy|surprise
NN,invocation,anticipation
VB,invoke,anticipation
NN,involution,neutral
NN,involvement,neutral
JJ,irate,anger
NN,ire,anger
NN,iris,neutral
JJ,iron,trust
NN,iron,neutral
VB,iron,neutral
JJ,irrational,disgust
NN,irrational,neutral
JJ,irreconcilable,anger|fear|sadness
JJ,irrefutable,trust
JJ,irreparable,fear|sadness
NN,irritability,anger
JJ,irritable,anger
VB,irritate,anger|disgust
JJ,irritating,anger|disgust
NN,irritation,anger|disgust|sadness
VB,isolate,sadness
JJ,isolated,sadness
NN,isolation,sadness
NN,jab,neutral
VB,jab,neutral
NN,jackpot,neutral
NN,jail,fear|sadness
VB,jail,fear|sadness
NN,janitor,neutral
VB,jar,fear|sadness
JJ,jarring,fear|sadness
NN,jaundice,neutral
VB,jaundice,fear
NN,jaws,neutral
VB,jaws,neutral
JJ,jealous,anger|disgust
NN,jealousy,anger|disgust|fear|sadness
VB,jeopardize,anger|fear
NN,jeopardy,anticipation|fear
NN,jerk,anger|surprise
VB,jerk,surprise
NN,jest,joy
VB,jest,joy
NN,john,neutral
NN,joker,joy
NN,jolt,surprise
VB,jolt,surprise
NN,journalism,neutral
NN,journey,neutral
VB,journey,neutral
NN,journeyman,neutral
JJ,jovial,joy
NN,joy,joy
VB,joy,joy
JJ,joyful,joy
JJ,joyous,joy
JJ,jubilant,joy|surprise
NN,jubilee,joy|surprise
NN,judgment,neutral
JJ,judicial,neutral
NN,judiciary,neutral
JJ,judicious,trust
NN,jump,neutral
VB,jump,neutral
NN,jungle,neutral
NN,jurisprudence,neutral
NN,jurist,neutral
NN,jury,trust
NN,justice,neutral
JJ,justifiable,trust
NN,kennel,neutral
VB,kennel,neutral
NN,kerosene,neutral
NN,khan,neutral
NN,kick,anger
VB,kick,neutral
NN,kicking,neutral
VB,kidnap,anger|fear|sadness|surprise
NN,kill,fear|sadness
VB,kill,fear|sadness
JJ,killing,joy
NN,killing,anger|fear|sadness
JJ,kind,joy|trust
NN,kind,neutral
JJ,kindred,neutral
NN,kindred,neutral
NN,kiss,anticipation|joy|surprise
VB,kiss,anticipation|joy|surprise
NN,kite,disgust
VB,kite,disgust
NN,kitten,neutral
VB,kitten,neutral
NN,knell,fear|sadness
VB,knell,fear|sadness
NN,knickers,neutral
NN,kudos,joy
NN,label,neutral
VB,label,neutral
NN,labor,neutral
VB,labor,anticipation|joy|surprise|trust
JJ,labored,sadness
NN,labyrinth,neutral
NN,lace,neutral
VB,lace,neutral
VB,lag,neutral
NN,lagging,neutral
NN,lamb,neutral
VB,lamb,neutral
NN,lament,sadness
VB,lament,sadness
JJ,lamenting,sadness
NN,landmark,neutral
NN,landslide,neutral
VB,languish,fear|sadness
NN,larceny,disgust
JJ,larger,neutral
NN,laser,neutral
NN,lash,neutral
VB,lash,anger|fear
JJ,late,neutral
RB,late,neutral
JJ,latent,neutral
NN,latrines,neutral
NN,laugh,joy|surprise
VB,laugh,joy|surprise
JJ,laughable,disgust
JJ,laughing,joy
NN,laughter,joy|surprise
NN,launch,neutral
VB,launch,neutral
JJ,laureate,trust
NN,laureate,trust
NN,laurels,joy
NN,lava,neutral
NN,lavatory,neutral
NN,law,neutral
JJ,lawful,trust
NN,lawlessness,anger|fear
NN,lawsuit,neutral
NN,lawyer,neutral
JJ,lax,neutral
JJ,laxative,neutral
NN,laxative,neutral
VB,lead,trust
NN,leader,trust
JJ,leading,trust
NN,leading,neutral
JJ,leaning,neutral
NN,leaning,neutral
VB,leaning,neutral
NN,leave,sadness|surprise
VB,leave,sadness|surprise
VB,leech,disgust|fear
NN,leeches,neutral
NN,leer,disgust
VB,leer,disgust
JJ,leery,disgust
JJ,legal,neutral
VB,legalize,neutral
NN,legislator,trust
NN,legislature,trust
NN,legitimacy,trust
NN,leisure,anticipation|joy
NN,lemon,neutral
NN,lender,neutral
NN,leprosy,neutral
JJ,lesbian,neutral
NN,lesbian,neutral
VB,lessen,neutral
JJ,lesser,neutral
NN,lesson,neutral
JJ,lethal,disgust|fear|sadness
NN,lethargy,sadness
NN,letter,neutral
VB,letter,anticipation
JJ,lettered,anticipation|trust
NN,leukemia,neutral
NN,levee,neutral
JJ,level,neutral
NN,level,neutral
VB,level,neutral
JJ,lewd,disgust
NN,liar,disgust
NN,libel,anger|fear
VB,libel,anger|fear
VB,liberate,anticipation|joy
NN,liberation,anticipation|joy|surprise
NN,liberty,anticipation|joy|surprise
NN,lick,neutral
VB,lick,joy
NN,lie,anger|disgust|sadness
VB,lie,neutral
NN,lieutenant,neutral
JJ,lifeless,fear|sadness
NN,lightning,neutral
NN,liking,joy
VB,liking,joy
VB,limit,neutral
JJ,limited,neutral
NN,limited,neutral
VB,line,neutral
NN,lines,neutral
VB,linger,anticipation
NN,linguist,neutral
NN,lion,neutral
NN,liquor,neutral
JJ,listless,sadness
VB,litigate,anger|disgust|fear|sadness
JJ,litigious,anger|disgust
JJ,livid,disgust
JJ,loath,anger
VB,loathe,anger|disgust
NN,loathing,disgust
JJ,loathsome,anger|disgust
VB,localize,neutral
NN,lockup,fear|sadness
NN,locust,neutral
NN,lodging,neutral
VB,lodging,neutral
JJ,lone,sadness
NN,loneliness,sadness
JJ,lonely,sadness
JJ,lonesome,sadness
JJ,long,neutral
RB,long,anticipation
VB,long,anticipation
NN,longing,anticipation|sadness
NN,loo,neutral
NN,loom,neutral
VB,loom,anticipation|fear
NN,loon,disgust
NN,lord,neutral
VB,lord,neutral
VB,lose,fear|sadness
NN,loss,fear|sadness
JJ,lost,sadness
NN,lost,sadness
NN,lottery,neutral
NN,loudness,neutral
NN,louse,neutral
JJ,lovable,joy|trust
NN,love,joy
VB,love,joy
JJ,lovely,joy|surprise
NN,lovely,joy|surprise
NN,lovemaking,joy|trust
NN,lover,anticipation|joy|trust
JJ,loving,joy|trust
JJ,lower,neutral
NN,lower,neutral
VB,lower,neutral
JJ,lowest,neutral
RB,lowest,neutral
JJ,lowly,sadness
JJ,loyal,trust
NN,loyalty,trust
NN,luck,neutral
JJ,lucky,joy|surprise
NN,lull,anticipation
VB,lull,anticipation
JJ,lumpy,neutral
NN,lunacy,anger|disgust|fear|sadness
JJ,lunatic,anger|disgust|fear
NN,lunatic,anger|disgust|fear
NN,lunge,surprise
VB,lunge,surprise
JJ,lurid,disgust
JJ,luscious,anticipation|joy
JJ,lush,neutral
NN,lush,disgust|sadness
NN,lust,anticipation
VB,lust,anticipation
NN,luster,joy
JJ,lusty,joy
JJ,luxurious,neutral
NN,luxury,neutral
NN,lying,anger|disgust
VB,lynch,anger|disgust|fear|sadness
NN,lyre,neutral
JJ,lyrical,neutral
NN,mace,neutral
NN,machine,neutral
VB,machine,neutral
JJ,mad,anger|disgust|fear|sadness
VB,madden,anger|fear
NN,madman,anger|fear
NN,madness,anger|fear
NN,mafia,fear
NN,maggot,neutral
JJ,magical,joy|surprise
NN,magician,surprise
NN,magnet,neutral
NN,magnificence,anticipation|joy
JJ,magnificent,anticipation|joy
NN,mail,neutral
VB,mail,neutral
NN,mainstay,trust
NN,maintenance,neutral
JJ,majestic,anticipation|joy|surprise
NN,majesty,trust
NN,majority,neutral
NN,malaise,sadness
NN,malaria,neutral
JJ,malevolent,anger|disgust|fear|sadness
NN,malfeasance,disgust
NN,malice,anger|fear
JJ,malicious,anger|disgust|fear|sadness
JJ,malign,anger|disgust
VB,malign,anger|disgust
NN,malignancy,fear|sadness
JJ,malignant,anger|fear
NN,malpractice,neutral
NN,mamma,neutral
VB,manage,trust
NN,management,trust
NN,mandamus,neutral
NN,mandarin,neutral
NN,mange,neutral
NN,mangle,neutral
VB,mangle,anger|disgust|fear|sadness
JJ,maniac,anger|fear
NN,maniac,anger|fear
NN,manifestation,neutral
NN,manipulation,disgust
NN,manslaughter,anger|disgust|fear|sadness
JJ,manual,neutral
NN,manual,neutral
NN,manure,neutral
VB,manure,neutral
NN,margin,neutral
JJ,marine,neutral
NN,marine,neutral
NN,marriage,anticipation|joy|trust
NN,marrow,neutral
VB,marry,anticipation|joy|surprise|trust
NN,marshal,neutral
VB,marshal,neutral
JJ,martial,neutral
NN,martial,neutral
NN,martyr,fear|sadness
VB,martyr,fear|sadness
NN,martyrdom,fear|sadness
NN,marvel,surprise
VB,marvel,surprise
JJ,marvelous,joy
RB,marvelously,joy
NN,masochism,anger|disgust|fear
NN,massacre,anger|disgust|fear|sadness
VB,massacre,anger|disgust|fear|sadness
NN,massage,neutral
VB,massage,neutral
NN,masterpiece,neutral
NN,mastery,trust
NN,matchmaker,neutral
NN,mate,neutral
VB,mate,trust
NN,materialist,disgust
JJ,maternal,neutral
JJ,mathematical,neutral
NN,matrimony,anticipation|joy|trust
NN,matron,neutral
NN,mausoleum,neutral
NN,maxim,trust
JJ,meaningless,sadness
NN,measles,neutral
NN,measure,neutral
VB,measure,neutral
JJ,measured,neutral
NN,medal,joy|surprise
VB,meddle,anger
JJ,mediate,anticipation|trust
VB,mediate,anticipation|trust
NN,mediator,anticipation|trust
JJ,medical,neutral
NN,medical,neutral
VB,meditate,joy|trust
JJ,meek,neutral
JJ,melancholic,sadness
NN,melancholic,sadness
JJ,melancholy,sadness
NN,melancholy,sadness
NN,melee,anger|fear
NN,melodrama,anger
NN,meltdown,neutral
JJ,memorable,joy|surprise
NN,memorials,neutral
NN,menace,anger|fear
VB,menace,anger|fear
JJ,menacing,anger|fear
NN,mentor,trust
VB,mentor,trust
JJ,mercenary,disgust
NN,mercenary,disgust
NN,merchant,neutral
JJ,merciless,fear
VB,merge,anticipation
NN,merit,trust
VB,merit,trust
JJ,meritorious,joy|trust
NN,merriment,joy|surprise
JJ,merry,joy
NN,mess,disgust
VB,mess,neutral
NN,messenger,neutral
JJ,messy,disgust
NN,microscope,neutral
NN,midwife,neutral
JJ,mighty,anticipation|trust
RB,mighty,neutral
NN,mildew,disgust
VB,mildew,disgust
JJ,military,neutral
NN,military,neutral
NN,militia,neutral
NN,mill,neutral
VB,mill,neutral
NN,mimicry,neutral
NN,ministry,neutral
NN,miracle,anticipation|joy|surprise|trust
JJ,miraculous,joy|surprise
NN,mire,neutral
VB,mire,disgust
NN,mirth,joy
NN,misbehavior,anger|disgust
NN,miscarriage,fear|sadness
NN,misconception,neutral
NN,misconduct,disgust
VB,misconduct,disgust
JJ,miserable,anger|disgust|sadness
RB,miserably,sadness
NN,misery,anger|disgust|fear|sadness
NN,misfortune,fear|sadness
VB,misguide,disgust
JJ,misguided,disgust
NN,mishap,disgust|fear|sadness|surprise
VB,mislead,anger|disgust
JJ,misleading,anger|disgust
VB,misplace,anger|disgust
VB,misrepresent,anger
NN,misrepresentation,sadness
JJ,misrepresented,anger
VB,miss,neutral
NN,missile,neutral
JJ,missing,fear|sadness
NN,misstatement,disgust
NN,mistake,sadness
VB,mistake,neutral
JJ,mistaken,neutral
NN,mistress,neutral
NN,mistrust,disgust|fear
VB,mistrust,disgust|fear
NN,misunderstanding,neutral
VB,misunderstanding,neutral
NN,mite,neutral
NN,moan,sadness
VB,moan,sadness
NN,moat,neutral
NN,mob,anger|fear
VB,mob,neutral
JJ,mobile,neutral
NN,mobile,neutral
VB,mock,anger|disgust|sadness
NN,mockery,disgust
JJ,mocking,anger|disgust|sadness
NN,moderator,neutral
JJ,modest,trust
VB,modify,neutral
NN,molestation,anger|disgust|fear|sadness
NN,momentum,neutral
JJ,monetary,neutral
NN,money,neutral
NN,monk,neutral
JJ,monochrome,neutral
NN,monochrome,neutral
NN,monogamy,neutral
NN,monsoon,neutral
NN,monster,fear
NN,monstrosity,anger|disgust|fear|surprise
JJ,moody,anger|sadness
NN,moody,neutral
NN,mooring,neutral
VB,mooring,neutral
JJ,moral,neutral
NN,moral,neutral
NN,morality,neutral
NN,morals,neutral
JJ,morbid,sadness
NN,morbidity,sadness
NN,morgue,disgust|fear|sadness
JJ,moribund,sadness
NN,morn,anticipation
NN,morrow,neutral
NN,mortality,sadness
NN,mortgage,neutral
VB,mortgage,neutral
NN,mortgagee,neutral
NN,mortgagor,neutral
NN,mortification,anticipation|disgust|fear|sadness
JJ,mortuary,fear|sadness
NN,mortuary,fear|sadness
NN,mosque,neutral
NN,mosquito,neutral
NN,mother,neutral
VB,mother,trust
NN,motherhood,joy|trust
NN,motion,neutral
VB,motion,neutral
NN,mountain,neutral
VB,mourn,sadness
JJ,mournful,anger|fear|sadness
JJ,mourning,sadness
NN,mourning,sadness
NN,mouth,neutral
VB,mouth,neutral
NN,mouthful,neutral
NN,muck,disgust
VB,muck,disgust
JJ,mucous,neutral
NN,mucus,neutral
JJ,muddy,neutral
VB,muddy,neutral
NN,muff,neutral
VB,muff,neutral
NN,mug,neutral
VB,mug,anger|fear|sadness
NN,mule,neutral
JJ,mum,neutral
NN,mum,neutral
NN,murder,anger|disgust|fear|sadness
VB,murder,anger|disgust|fear|sadness
NN,murderer,anger|disgust|fear|sadness
JJ,murderous,anger|disgust|fear|sadness
JJ,murky,neutral
NN,music,neutral
JJ,musical,neutral
NN,musical,neutral
NN,musket,neutral
JJ,musty,disgust
JJ,mutable,anticipation
VB,mutilate,disgust
JJ,mutilated,disgust
NN,mutilation,anger|disgust|fear|sadness
NN,mutiny,anger|disgust|fear|surprise
VB,mutiny,anger|disgust|fear|surprise
NN,mutter,neutral
VB,mutter,neutral
NN,muzzle,neutral
VB,muzzle,neutral
NN,myopia,neutral
JJ,mysterious,anticipation|fear|surprise
NN,mystery,anticipation|surprise
JJ,mystic,neutral
NN,mystic,neutral
VB,nab,surprise
NN,nag,anger
VB,nag,anger
JJ,nameless,neutral
NN,nap,neutral
VB,nap,neutral
NN,napkin,neutral
JJ,nappy,neutral
NN,nappy,neutral
JJ,nascent,anticipation
JJ,nasty,anger|disgust|fear|sadness
NN,nation,neutral
NN,nausea,neutral
JJ,nauseous,neutral
JJ,navigable,anticipation
NN,navigator,neutral
NN,necessity,neutral
JJ,nefarious,disgust|fear|sadness|surprise
NN,negation,neutral
JJ,negative,sadness
NN,negative,sadness
VB,negative,sadness
VB,neglect,anger|disgust|sadness
JJ,neglected,anger|disgust|sadness
VB,negotiate,neutral
JJ,negro,neutral
NN,negro,neutral
NN,neighbor,neutral
VB,neighbor,neutral
NN,neighborhood,neutral
NN,nepotism,anger|disgust|sadness
JJ,nervous,fear
NN,nervousness,fear
NN,nest,neutral
VB,nest,neutral
NN,nestle,trust
VB,nestle,trust
JJ,nether,neutral
NN,nettle,neutral
VB,nettle,anger|disgust
NN,network,neutral
VB,network,neutral
NN,neuralgia,neutral
NN,neurosis,neutral
JJ,neurotic,neutral
NN,neurotic,neutral
JJ,neutral,neutral
NN,neutral,neutral
NN,neutrality,neutral
NN,newcomer,neutral
NN,nicotine,neutral
NN,nightmare,fear
NN,nobility,anticipation|trust
JJ,noble,trust
NN,noble,trust
NN,nobleman,trust
JJ,noisy,disgust
NN,noncompliance,anger|anticipation|fear|sadness
JJ,nonsensical,sadness
NN,noose,neutral
VB,noose,sadness
NN,nose,neutral
VB,nose,neutral
JJ,notable,trust
NN,notable,trust
NN,notary,neutral
NN,nothingness,sadness
NN,notification,anticipation
NN,notoriety,anger|disgust|fear
JJ,noxious,disgust|fear
NN,nuisance,anger
VB,nullify,neutral
NN,numbness,sadness
NN,nun,neutral
NN,nurse,neutral
VB,nurse,neutral
NN,nursery,neutral
NN,nurture,anticipation|joy
VB,nurture,anticipation|joy
JJ,nutritious,neutral
NN,oasis,neutral
NN,oath,trust
NN,obedience,trust
JJ,obese,neutral
NN,obesity,neutral
VB,obey,fear|trust
NN,obi,disgust|fear
NN,obit,sadness
NN,obituary,sadness
NN,objection,anger
JJ,objective,neutral
NN,objective,anticipation
VB,oblige,anger|anticipation|disgust|fear
JJ,obliging,joy|surprise
JJ,obliterate,anger|fear|sadness
VB,obliterate,anger|fear|sadness
JJ,obliterated,anger|fear
NN,obliteration,fear|sadness
NN,oblivion,neutral
JJ,obnoxious,anger|disgust|sadness
JJ,obscene,disgust
NN,obscenity,anger|disgust
NN,obstacle,anger|fear|sadness
NN,obstetrician,neutral
VB,obstruct,neutral
JJ,obstructive,neutral
JJ,obtainable,neutral
JJ,obvious,neutral
JJ,occasional,neutral
JJ,occult,disgust|fear
NN,occult,disgust|fear
VB,occult,neutral
NN,occupant,neutral
NN,octopus,neutral
NN,oddity,disgust|surprise
JJ,odious,anger|disgust|fear
VB,offend,anger|disgust
JJ,offended,anger|sadness
NN,offender,anger|disgust|fear|sadness
NN,offense,anger|disgust|fear|sadness
JJ,offensive,anger|disgust
NN,offensive,anger|disgust
VB,offer,neutral
NN,offering,neutral
NN,officer,neutral
VB,officer,neutral
JJ,official,neutral
NN,official,neutral
NN,offset,neutral
VB,offset,neutral
NN,ogre,disgust|fear
JJ,older,neutral
JJ,olfactory,neutral
NN,omen,anticipation
VB,omen,anticipation
JJ,ominous,anticipation|fear
NN,omnipotence,trust
JJ,omniscient,trust
JJ,onerous,anger|sadness
JJ,ongoing,anticipation
NN,onset,anticipation
NN,ooze,disgust
VB,ooze,neutral
NN,opera,neutral
NN,operation,neutral
JJ,opinionated,anger
NN,opium,neutral
JJ,opponent,anger|anticipation|disgust|fear
NN,opponent,anger|anticipation|disgust|fear
JJ,opportune,joy
NN,opportunity,anticipation
VB,oppose,anger|fear
JJ,opposed,anger|fear
NN,opposition,anger
VB,oppress,anger|disgust|fear|sadness
NN,oppression,anger|disgust|fear|sadness
JJ,oppressive,anger|disgust|fear|sadness
NN,oppressor,anger|fear|sadness
NN,optimism,anticipation|joy|surprise|trust
NN,optimist,trust
NN,oracle,anticipation|trust
NN,orchestra,neutral
VB,ordain,neutral
JJ,ordained,neutral
NN,ordeal,anger|surprise
NN,ordinance,neutral
NN,ordination,anticipation|joy|trust
NN,ordnance,neutral
NN,organ,neutral
NN,organization,neutral
NN,orgasm,anticipation|joy
NN,originality,surprise
NN,orphan,fear|sadness
VB,orphan,fear|sadness
NN,orthodoxy,neutral
VB,oust,anger|sadness
NN,outburst,anger|fear|sadness
JJ,outcast,disgust|fear|sadness
NN,outcast,disgust|fear|sadness
NN,outcry,anger|fear|surprise
VB,outcry,anger|fear|surprise
VB,outdo,anticipation
NN,outhouse,neutral
NN,outpost,neutral
NN,outrage,anger|disgust
VB,outrage,anger|disgust
JJ,outrageous,anger|disgust
NN,outsider,neutral
JJ,outstanding,joy
NN,ovation,joy|surprise
VB,overbear,anger
JJ,overbearing,anger
JJ,overdue,anticipation
NN,overestimate,neutral
VB,overestimate,neutral
VB,overjoy,joy
JJ,overjoyed,joy
NN,overload,neutral
VB,overload,sadness
VB,overpower,neutral
JJ,overpowering,neutral
VB,overprice,neutral
JJ,overpriced,neutral
JJ,overt,neutral
NN,overthrow,anticipation|fear
VB,overthrow,anticipation|fear
NN,overture,neutral
VB,overwhelm,sadness
VB,owe,sadness
JJ,owing,neutral
NN,pact,neutral
NN,paddle,neutral
VB,paddle,neutral
NN,pain,neutral
VB,pain,fear|sadness
JJ,pained,fear|sadness
JJ,painful,anger|disgust|fear|sadness
RB,painfully,sadness
JJ,palpable,neutral
NN,palsy,disgust|fear|sadness
VB,palsy,disgust|fear|sadness
JJ,pandemic,neutral
NN,pandemic,neutral
NN,pang,surprise
NN,panic,fear
VB,panic,fear
NN,parachute,neutral
VB,parachute,neutral
NN,parade,neutral
VB,parade,neutral
NN,paragon,anticipation|joy|trust
NN,paralysis,fear|sadness
VB,paralyze,fear|sadness
JJ,paralyzed,fear|sadness
NN,paranoia,fear
NN,parasite,disgust|fear
VB,pare,neutral
JJ,parietal,neutral
NN,parish,neutral
NN,parliament,neutral
NN,parole,anticipation
VB,parole,anticipation
NN,parrot,neutral
VB,parrot,disgust
NN,part,neutral
VB,partake,neutral
VB,parting,sadness
NN,partnership,neutral
NN,passenger,neutral
NN,passion,anticipation|joy
JJ,passionate,anticipation|joy
NN,pastor,neutral
NN,pastry,neutral
JJ,pathetic,disgust|sadness
NN,patience,anticipation|trust
JJ,patient,anticipation
NN,patient,neutral
JJ,patriarchal,neutral
NN,patrol,trust
VB,patrol,trust
NN,patron,trust
NN,patronage,trust
VB,patronage,trust
NN,patter,neutral
VB,patter,neutral
NN,paucity,neutral
NN,pauper,sadness
NN,pavement,neutral
NN,pawn,neutral
VB,pawn,neutral
NN,pay,neutral
VB,pay,neutral
NN,payback,neutral
NN,peace,anticipation|joy|trust
JJ,peaceful,anticipation|joy|trust
JJ,pedigree,neutral
NN,pedigree,neutral
JJ,penal,fear|sadness
NN,penalty,anger|fear|sadness
NN,penance,fear|sadness
NN,penetration,anger|fear
JJ,penitentiary,anger
NN,penitentiary,anger
JJ,pensive,sadness
VB,perceive,neutral
RB,perchance,surprise
NN,perdition,anger|disgust|fear|sadness
JJ,perennial,neutral
NN,perennial,neutral
JJ,perfect,anticipation|joy|trust
NN,perfect,neutral
VB,perfect,anticipation|joy|trust
NN,perfection,anticipation|joy|surprise|trust
NN,peri,surprise
NN,peril,anticipation|fear|sadness
VB,peril,anticipation|fear|sadness
JJ,perilous,anticipation|fear|sadness
NN,periodicity,neutral
VB,perish,fear|sadness
NN,perjury,fear|surprise
JJ,pernicious,anger|fear|sadness
NN,perpetrator,anger|disgust|fear|sadness
VB,perpetuate,anticipation
NN,perpetuity,neutral
NN,perplexity,sadness
VB,persecute,anger|fear
NN,persecution,anger|disgust|fear|sadness
JJ,personal,neutral
NN,personal,neutral
NN,perspiration,neutral
VB,persuade,neutral
JJ,pertinent,neutral
NN,perturbation,fear
JJ,perverse,anger|disgust|fear
NN,perversion,anger|disgust|sadness
NN,pervert,anger|disgust
VB,pervert,anger|disgust
JJ,perverted,disgust
NN,pessimism,anger|fear|sadness
NN,pessimist,fear|sadness
NN,pest,anger|disgust|fear
NN,pestilence,disgust|fear
NN,petroleum,neutral
NN,phalanx,neutral
JJ,phantom,fear
NN,phantom,fear
JJ,philanthropic,trust
NN,philanthropist,trust
NN,philosopher,neutral
NN,phlegm,disgust
JJ,phony,anger|disgust
NN,phony,anger|disgust
NN,physician,neutral
NN,physicist,neutral
NN,picket,neutral
VB,picket,neutral
NN,picnic,anticipation|joy|surprise
VB,picnic,anticipation|joy|surprise
JJ,picturesque,neutral
NN,pig,neutral
VB,pig,disgust
VB,pile,neutral
NN,piles,disgust
NN,pill,neutral
NN,pillage,anger|disgust|fear
VB,pillage,anger|disgust|fear
NN,pilot,neutral
VB,pilot,neutral
NN,pimple,neutral
NN,pine,neutral
VB,pine,sadness
NN,pinion,neutral
VB,pinion,fear
JJ,pious,trust
NN,pique,neutral
VB,pique,anger
NN,pirate,disgust
VB,pirate,disgust
NN,pitfall,anger|disgust|fear|sadness|surprise
NN,pith,neutral
VB,pith,neutral
NN,pity,sadness
VB,pity,sadness
NN,pivot,trust
VB,pivot,neutral
NN,placard,neutral
VB,placard,neutral
NN,plagiarism,disgust
NN,plague,disgust|fear|sadness
VB,plague,disgust|fear|sadness
JJ,plaintive,sadness
NN,plan,anticipation
VB,plan,anticipation
NN,planning,anticipation
JJ,playful,joy|surprise
NN,playground,neutral
NN,playhouse,neutral
NN,plea,anticipation|fear|sadness
JJ,pleasant,anticipation|joy|surprise
VB,please,joy
JJ,pleased,joy
JJ,pleasurable,joy
NN,pledge,neutral
VB,pledge,trust
NN,plight,anticipation|disgust|fear|sadness
VB,plight,neutral
NN,plummet,neutral
VB,plummet,fear
JJ,plump,neutral
NN,plump,anticipation
RB,plump,anticipation
VB,plump,anticipation
NN,plunder,anger|disgust|fear|sadness
VB,plunder,anger|disgust|fear|sadness
NN,plunge,neutral
VB,plunge,fear
NN,pneumonia,neutral
VB,poach,anger|disgust|fear|sadness
NN,poaching,neutral
JJ,pointless,neutral
NN,poison,disgust|fear
VB,poison,anger|disgust|fear|sadness
NN,poisoning,disgust
JJ,poisonous,anger|disgust|fear|sadness
NN,poke,neutral
VB,poke,neutral
NN,polarity,neutral
JJ,polemic,anger|disgust
NN,polemic,anger|disgust
NN,police,neutral
VB,police,neutral
NN,policeman,neutral
NN,policy,trust
NN,polio,neutral
JJ,politic,neutral
NN,politics,neutral
NN,poll,neutral
VB,poll,neutral
VB,pollute,disgust
NN,pollution,disgust
NN,polygamy,neutral
JJ,pompous,disgust
NN,pontiff,neutral
JJ,pop,neutral
NN,pop,neutral
RB,pop,neutral
VB,pop,neutral
NN,porn,neutral
NN,pornography,neutral
NN,posse,fear
VB,possess,neutral
JJ,possessed,anger|disgust|fear
NN,possession,neutral
NN,possibility,anticipation
JJ,posthumous,sadness
NN,postponement,neutral
NN,pound,neutral
VB,pound,anger
NN,poverty,disgust|sadness
NN,pow,anger
JJ,powerful,anticipation|joy|trust
RB,powerful,neutral
RB,powerfully,neutral
JJ,powerless,disgust|fear|sadness
VB,practice,neutral
JJ,practiced,neutral
VB,practise,anticipation
NN,praise,joy|trust
VB,praise,joy|trust
JJ,praiseworthy,anticipation|trust
NN,prank,surprise
VB,prank,surprise
VB,pray,trust
JJ,precarious,fear|sadness
NN,precedence,anticipation
JJ,precious,anticipation|joy|surprise
RB,precious,anticipation|joy|surprise
NN,precipice,neutral
VB,preclude,neutral
NN,precursor,neutral
NN,predicament,fear
VB,predict,anticipation
NN,prediction,anticipation
NN,predilection,anticipation
VB,predispose,anticipation
JJ,predominant,neutral
VB,prefer,anticipation
NN,pregnancy,neutral
NN,prejudice,anger
VB,prejudice,anger
JJ,prejudiced,disgust|fear
JJ,prejudicial,anger
JJ,preliminary,anticipation
NN,preliminary,anticipation
JJ,premature,neutral
VB,premeditate,anticipation
JJ,premeditated,anticipation
NN,preparation,anticipation
JJ,preparatory,anticipation
VB,prepare,anticipation
JJ,prepared,anticipation
NN,preparedness,anticipation
NN,preponderance,neutral
JJ,prerequisite,neutral
NN,prerequisite,anticipation
JJ,prescient,anticipation
JJ,present,neutral
NN,present,neutral
VB,present,neutral
JJ,preservative,anticipation
NN,preservative,neutral
NN,president,neutral
NN,prestige,joy|trust
JJ,presto,neutral
RB,presto,neutral
NN,presumption,neutral
JJ,presumptuous,anger|disgust
VB,pretend,disgust
NN,pretending,disgust
JJ,pretty,anticipation|joy|trust
RB,pretty,neutral
VB,prevail,neutral
JJ,prevalent,neutral
VB,prevent,neutral
NN,prevention,anticipation
NN,prey,fear
VB,prey,fear
NN,prick,anger|disgust|fear|surprise
VB,prick,neutral
NN,pride,joy
VB,pride,joy
NN,priest,neutral
NN,priesthood,neutral
NN,primer,neutral
JJ,princely,neutral
JJ,principal,neutral
NN,principal,neutral
NN,prison,anger|fear|sadness
NN,prisoner,anger|disgust|fear|sadness
VB,privilege,joy
JJ,privileged,joy
JJ,privy,neutral
NN,privy,neutral
NN,probability,anticipation
NN,probation,anticipation|fear
NN,probity,trust
NN,problem,sadness
NN,procedure,neutral
VB,proceed,anticipation
NN,proceeding,anticipation
NN,procession,neutral
NN,proctor,neutral
VB,proctor,neutral
NN,production,anticipation
JJ,profane,anger
VB,profane,anger
NN,profanity,anger
JJ,professional,trust
NN,professional,neutral
NN,professor,neutral
NN,professorship,neutral
NN,proficiency,trust
JJ,proficient,trust
NN,prognosis,anticipation
JJ,prognostic,anticipation
NN,prognostic,anticipation
NN,progress,anticipation|joy
VB,progress,anticipation|joy
NN,progression,anticipation|joy
VB,prohibit,anger|disgust|fear
JJ,prohibited,anger|disgust|fear
JJ,projectile,neutral
NN,projectile,neutral
NN,prologue,anticipation
VB,prolong,anticipation
NN,promise,trust
VB,promise,trust
JJ,proof,trust
NN,proof,trust
VB,proof,trust
NN,prophecy,anticipation
NN,prophet,anticipation
JJ,prophetic,anticipation
JJ,prophylactic,neutral
NN,prophylactic,neutral
VB,prosecute,anger|fear|sadness
NN,prosecution,neutral
VB,prosper,anticipation|joy
JJ,prosperous,joy
NN,prostitute,disgust
VB,prostitute,disgust
NN,prostitution,disgust|sadness
VB,protect,trust
JJ,protected,trust
JJ,protecting,trust
NN,protector,trust
JJ,protestant,neutral
NN,protestant,neutral
JJ,proud,anticipation|joy|trust
VB,prove,trust
JJ,proven,trust
VB,provide,anticipation|trust
NN,proviso,neutral
NN,provocation,anger
VB,provoke,neutral
JJ,provoking,anger|disgust
NN,prowl,fear|surprise
VB,prowl,surprise
NN,proxy,trust
JJ,prudent,trust
NN,pry,neutral
VB,pry,anticipation
NN,psychosis,anger|fear|sadness
JJ,public,neutral
NN,public,neutral
NN,puke,disgust
VB,puke,disgust
NN,puma,neutral
NN,punch,anger|fear|sadness|surprise
VB,punch,anger|fear|sadness|surprise
JJ,punctual,anticipation|trust
JJ,pungent,disgust
VB,punish,fear
JJ,punished,anger|anticipation|disgust|fear|sadness
JJ,punishing,anger|fear|sadness
VB,punishing,anger|fear|sadness
NN,punishment,anger|disgust|fear
JJ,punitive,anger|fear|sadness
NN,punt,neutral
VB,punt,neutral
NN,puppy,neutral
RB,purely,neutral
NN,purgatory,disgust|fear
NN,purge,neutral
VB,purge,fear
NN,purification,anticipation
VB,purify,anticipation
NN,purity,neutral
NN,purr,neutral
VB,purr,neutral
NN,pus,neutral
JJ,putative,neutral
JJ,quack,disgust
NN,quack,disgust
VB,quack,neutral
NN,quagmire,neutral
NN,quail,neutral
VB,quail,fear
JJ,quaint,joy
NN,quake,neutral
VB,quake,fear
JJ,qualified,trust
VB,qualify,trust
NN,quandary,anger|fear
NN,quarantine,fear
VB,quarantine,fear
NN,quarrel,anger
VB,quarrel,anger
VB,quash,anger
NN,quest,anticipation
VB,quest,anticipation
JJ,questionable,neutral
VB,quicken,anticipation
NN,quickness,neutral
JJ,quicksilver,surprise
NN,quicksilver,neutral
JJ,quiet,neutral
NN,quiet,neutral
RB,quiet,neutral
VB,quiet,neutral
NN,quiver,fear
VB,quiver,fear
NN,quivering,fear
NN,quote,neutral
VB,quote,neutral
NN,rabble,anger|fear
JJ,rabid,anger|anticipation|disgust|fear
NN,rack,neutral
VB,rack,neutral
NN,radar,neutral
NN,radiance,neutral
JJ,radiant,neutral
NN,radiation,neutral
JJ,radioactive,neutral
NN,radon,neutral
NN,raffle,anticipation|surprise
VB,raffle,anticipation|surprise
NN,rag,disgust
VB,rag,disgust
NN,rage,anger
VB,rage,anger
JJ,raging,anger|disgust|fear
NN,raid,anger|fear|surprise
VB,raid,anger|fear|surprise
NN,rail,neutral
VB,rail,anger|anticipation
JJ,rainy,neutral
NN,ram,neutral
VB,ram,anger|anticipation
NN,rampage,anger|fear
VB,rampage,anger|fear
JJ,rancid,disgust
RB,randomly,surprise
NN,ranger,neutral
NN,ransom,anger|fear
VB,ransom,anger|fear
VB,rap,anger
NN,rape,neutral
VB,rape,anger|disgust|fear|sadness
JJ,rapid,surprise
NN,rapid,neutral
JJ,rapt,joy|surprise|trust
NN,raptor,fear
NN,rapture,anticipation|joy
NN,rarity,neutral
NN,rascal,anger|disgust|fear
JJ,rash,disgust
NN,rash,neutral
NN,rat,neutral
VB,rat,disgust
VB,ratify,trust
NN,rating,neutral
VB,rating,neutral
JJ,rational,trust
NN,rational,neutral
NN,rattlesnake,neutral
NN,rave,joy|surprise
VB,rave,joy|surprise
JJ,ravenous,anger|fear|sadness
NN,ravine,neutral
NN,raving,anger
RB,raving,anger
NN,razor,neutral
VB,razor,neutral
VB,react,neutral
NN,readiness,anticipation
JJ,ready,anticipation
NN,ready,anticipation
VB,ready,anticipation
JJ,real,neutral
NN,real,neutral
RB,real,neutral
VB,reappear,surprise
NN,reassurance,trust
VB,reassure,trust
NN,rebel,anger|fear
VB,rebel,anger|fear
NN,rebellion,anger|disgust|fear
JJ,recalcitrant,anger|disgust
VB,receive,anticipation
NN,recess,neutral
VB,recess,neutral
NN,recession,anger|disgust|fear|sadness
NN,recidivism,anger|disgust|sadness
NN,recipient,anticipation
JJ,reckless,disgust
NN,recklessness,disgust
VB,recline,neutral
JJ,recognizable,anticipation
NN,recombination,neutral
VB,recommend,neutral
NN,reconciliation,anticipation|joy|trust
NN,reconsideration,neutral
VB,reconstruct,anticipation
NN,reconstruction,neutral
NN,recreation,joy
JJ,recreational,joy
NN,recruit,neutral
VB,recruit,neutral
JJ,recurrent,anticipation
NN,referee,neutral
VB,referee,neutral
JJ,reflex,surprise
NN,reflex,surprise
NN,reflux,neutral
NN,refugee,sadness
VB,refuse,sadness
NN,refutation,fear
JJ,regal,trust
NN,regatta,neutral
JJ,regent,trust
NN,regent,trust
NN,regiment,neutral
VB,regiment,fear
NN,registry,neutral
NN,regret,sadness
VB,regret,sadness
JJ,regrettable,sadness
NN,regularity,neutral
JJ,regulatory,neutral
NN,regurgitation,neutral
NN,rehabilitation,anticipation
NN,reimbursement,neutral
NN,reinforcement,trust
NN,reject,anger|fear|sadness
VB,reject,anger|fear|sadness
NN,rejection,anger|disgust|fear|sadness
VB,rejoice,anticipation|joy|surprise
JJ,rejoicing,anticipation|joy|surprise
NN,rejoicing,anticipation|joy|surprise
VB,rekindle,neutral
NN,relapse,fear|sadness
VB,relapse,fear|sadness
VB,relate,neutral
JJ,related,neutral
JJ,relative,neutral
NN,relative,trust
JJ,relevant,neutral
NN,reliability,trust
JJ,reliable,trust
NN,reliance,trust
NN,relic,neutral
NN,religion,neutral
JJ,reluctant,fear
VB,remain,neutral
NN,remains,neutral
NN,remand,anger
VB,remand,anger
JJ,remarkable,surprise
NN,remedy,anticipation|trust
VB,remedy,anticipation|trust
JJ,remiss,anger|disgust|sadness
NN,remorse,sadness
NN,remove,neutral
VB,remove,neutral
JJ,renegade,anger
NN,renegade,anger
VB,renegade,anger
VB,renounce,anger
VB,renovate,anticipation
NN,renovation,anticipation
NN,reparation,neutral
VB,repay,anticipation
VB,repel,sadness
JJ,repellant,disgust|fear
NN,repellant,neutral
JJ,repellent,anger|disgust|fear
NN,repellent,anger|disgust|fear
JJ,repelling,disgust
VB,repent,sadness
NN,reporter,neutral
VB,represent,anticipation
VB,repress,sadness
NN,repression,fear
NN,reprimand,anger
VB,reprimand,anger
NN,reprisal,anger|fear|sadness
NN,reproach,anger|disgust|sadness
VB,reproach,anger|disgust|sadness
JJ,reproductive,joy
NN,repudiation,anger|disgust
NN,repulsion,disgust|fear
JJ,reputable,trust
NN,requiem,sadness
NN,rescue,anticipation|joy|surprise
VB,rescue,anticipation|joy|surprise|trust
NN,resection,fear
VB,resent,anger
JJ,resentful,anger
NN,resentment,anger|disgust|sadness
VB,resign,sadness
NN,resignation,sadness
NN,resistance,anger
JJ,resistant,neutral
VB,resisting,anger|fear|sadness
NN,resource,neutral
NN,respect,anticipation|joy|trust
VB,respect,anticipation|joy|trust
JJ,respectable,trust
JJ,respectful,trust
NN,respects,trust
NN,respite,joy
VB,respite,joy
JJ,resplendent,joy
JJ,responsible,trust
JJ,responsive,anticipation
NN,restitution,neutral
NN,restlessness,anticipation
JJ,restorative,anticipation|joy|trust
NN,restorative,neutral
VB,restrain,anger|fear
JJ,restrained,neutral
VB,restrict,sadness
NN,restriction,anger|fear|sadness
NN,result,neutral
VB,result,neutral
JJ,resultant,neutral
NN,resultant,neutral
VB,retain,trust
VB,retaliate,anger
NN,retaliation,anger|fear
JJ,retaliatory,anger
NN,retard,sadness
VB,retard,disgust|sadness
JJ,reticent,fear
NN,retirement,anticipation
VB,retract,anger
NN,retrenchment,neutral
NN,retribution,anger|fear|sadness
NN,reunion,anticipation|trust
NN,revel,joy
VB,revel,joy
NN,revels,joy
VB,revels,joy
NN,revenge,anger|anticipation|fear
VB,revenge,anger|anticipation|fear
NN,revere,neutral
VB,revere,anticipation|joy|trust
NN,reverence,trust
VB,reverence,fear|trust
JJ,reverend,trust
NN,reverend,neutral
NN,reverie,neutral
NN,reversal,neutral
NN,revival,anticipation|joy
VB,revive,anticipation
NN,revoke,anger|disgust|fear|sadness
VB,revoke,anger|disgust|fear|sadness
NN,revolt,anger|surprise
VB,revolt,anger|surprise
JJ,revolting,anger|disgust|fear
NN,revolution,anger|anticipation|surprise
NN,revolver,neutral
NN,revulsion,anger|disgust|fear
NN,reward,anticipation|joy|surprise|trust
VB,reward,anticipation|joy|surprise|trust
NN,rheumatism,neutral
JJ,rhythmical,neutral
NN,ribbon,neutral
NN,riddle,neutral
VB,riddle,neutral
NN,ridicule,anger|disgust|sadness
VB,ridicule,anger|disgust|sadness
JJ,ridiculous,anger|disgust
NN,rifle,neutral
VB,rifle,anger|fear
NN,rigor,disgust|fear
NN,ringer,neutral
NN,riot,anger|fear
VB,riot,anger|fear
JJ,riotous,anger|fear|surprise
VB,ripen,anticipation
VB,rise,neutral
JJ,rising,anticipation|joy
NN,rising,neutral
NN,risk,anticipation|fear
VB,risk,anticipation|fear
JJ,risky,anticipation|fear
NN,rivalry,anger
NN,roadster,neutral
VB,rob,anger|disgust|fear|sadness
NN,robber,disgust|fear
NN,robbery,anger|disgust|fear|sadness
NN,rocket,neutral
VB,rocket,neutral
NN,rod,neutral
NN,rogue,disgust
JJ,rollicking,joy
VB,rollicking,joy
JJ,romance,neutral
NN,romance,anticipation|surprise|trust
VB,romance,anticipation|surprise|trust
JJ,romantic,anticipation|joy|trust
NN,romantic,anticipation|joy|trust
NN,romanticism,joy
NN,romp,joy
VB,romp,joy
NN,rook,neutral
VB,rook,anger|disgust
VB,root,neutral
JJ,rooted,neutral
NN,rot,disgust|fear|sadness
VB,rot,disgust|fear|sadness
NN,rota,neutral
NN,rotting,disgust
NN,roulette,neutral
JJ,routine,anticipation
NN,routine,anticipation
NN,row,neutral
VB,row,neutral
NN,rubbish,disgust
VB,rubbish,disgust
NN,rubble,neutral
NN,rue,neutral
VB,rue,sadness
NN,ruin,fear|sadness
VB,ruin,fear|sadness
JJ,ruined,anger|disgust|fear|sadness
JJ,ruinous,anger|disgust|fear|sadness
NN,rule,neutral
VB,rule,neutral
NN,rumor,sadness
VB,rumor,sadness
JJ,runaway,sadness
NN,runaway,joy
NN,rupture,fear|sadness|surprise
VB,rupture,fear|sadness|surprise
JJ,ruthless,anger|disgust|fear
NN,saber,neutral
VB,saber,anger|fear
NN,sabotage,anger|disgust|fear|sadness|surprise
VB,sabotage,anger|disgust|fear|sadness|surprise
NN,sacrifice,disgust|fear|sadness
VB,sacrifice,disgust|fear|sadness
RB,sadly,sadness
NN,sadness,sadness
JJ,safe,joy|trust
NN,safe,neutral
NN,safeguard,trust
VB,safeguard,trust
NN,safekeeping,trust
NN,sag,neutral
VB,sag,neutral
JJ,sage,trust
NN,sage,trust
NN,saint,neutral
VB,saint,neutral
JJ,saintly,neutral
NN,salary,neutral
NN,saliva,neutral
NN,sally,surprise
NN,saloon,neutral
JJ,salutary,joy
NN,salute,joy
VB,salute,joy
NN,salvation,anticipation|joy|trust
NN,samurai,fear
NN,sanctification,joy|trust
VB,sanctify,joy|trust
NN,sanctuary,neutral
NN,sap,neutral
VB,sap,sadness
JJ,sappy,disgust
NN,sarcasm,anger|disgust|sadness
NN,sarcoma,neutral
JJ,satanic,anger
JJ,satisfied,joy
VB,satisfy,joy
VB,saturate,neutral
JJ,saturated,neutral
JJ,savage,anger|fear
NN,savage,anger|fear
VB,savage,anger|fear
NN,savagery,anger|fear
NN,save,neutral
VB,save,neutral
NN,savor,neutral
VB,savor,anticipation|joy
NN,scaffold,neutral
VB,scaffold,neutral
NN,scalpel,neutral
NN,scandal,disgust
JJ,scandalous,anger
NN,scapegoat,anger|fear
NN,scar,anger|disgust|fear|sadness
VB,scar,anger|disgust|fear|sadness
JJ,scarce,neutral
RB,scarce,neutral
RB,scarcely,neutral
NN,scarcity,neutral
NN,scare,anger|anticipation|fear|surprise
VB,scare,anger|anticipation|fear|surprise
NN,scarecrow,neutral
JJ,sceptical,disgust
NN,schism,anger
NN,schizophrenia,anger|disgust|fear|sadness
NN,scholarship,neutral
NN,school,neutral
VB,school,neutral
JJ,scientific,neutral
NN,scientist,neutral
NN,scoff,anger|disgust
VB,scoff,anger|disgust
NN,scold,anger|disgust|fear|sadness
VB,scold,anger|disgust|fear|sadness
NN,scolding,anger
VB,scorch,neutral
JJ,scorching,neutral
RB,scorching,neutral
NN,score,neutral
VB,score,neutral
NN,scorn,anger
VB,scorn,anger
NN,scorpion,neutral
NN,scoundrel,anger|disgust|fear|trust
NN,scourge,neutral
VB,scourge,anger|fear|sadness
NN,scrapie,neutral
NN,scream,anger|disgust|fear|surprise
VB,scream,anger|disgust|fear|surprise
JJ,screaming,anger|disgust|fear
NN,screaming,anger|disgust|fear
NN,screech,fear|surprise
VB,screech,fear|surprise
VB,screw,joy
NN,scrimmage,neutral
VB,scrimmage,neutral
NN,scripture,neutral
JJ,scrub,neutral
NN,scrub,neutral
VB,scrub,neutral
VB,scrutinize,anticipation
NN,scum,disgust
VB,scum,disgust
NN,seal,neutral
VB,seal,neutral
VB,seclude,sadness
JJ,secluded,neutral
NN,seclusion,neutral
NN,secrecy,trust
JJ,secret,neutral
NN,secret,neutral
VB,secrete,disgust
NN,secretion,disgust
JJ,sectarian,neutral
NN,sectarian,neutral
JJ,secular,neutral
NN,secular,neutral
NN,security,trust
NN,sedition,anger|sadness
JJ,seductive,anticipation
NN,seek,anticipation
VB,seek,anticipation
NN,segregate,anger|disgust|sadness
VB,segregate,anger|disgust|sadness
VB,seize,fear
NN,seizure,fear
JJ,selfish,anger|disgust
NN,senate,neutral
JJ,senile,neutral
NN,seniority,trust
JJ,sensational,joy
JJ,senseless,neutral
JJ,sensual,anticipation|joy
NN,sensuality,anticipation|joy
JJ,sensuous,joy
NN,sentence,neutral
VB,sentence,anger|anticipation|disgust|fear|sadness
NN,sentinel,neutral
NN,sentry,neutral
JJ,separatist,neutral
NN,separatist,neutral
NN,sepsis,fear|sadness
JJ,septic,disgust
NN,sequel,neutral
NN,sequestration,sadness
JJ,serene,trust
NN,serenity,anticipation|joy|trust
JJ,serial,anticipation
NN,serial,neutral
NN,series,neutral
NN,seriousness,fear|sadness
NN,sermon,neutral
NN,serpent,neutral
NN,servant,neutral
NN,serve,neutral
VB,serve,neutral
JJ,servile,disgust|fear|sadness
NN,setback,sadness
NN,settlor,neutral
NN,severance,sadness
NN,sewage,disgust
NN,sewer,disgust
NN,sewerage,disgust
NN,sex,anticipation|joy|trust
VB,sex,anticipation|joy|trust
JJ,shabby,disgust
NN,shack,neutral
VB,shack,neutral
NN,shackle,anger|anticipation|disgust|fear|sadness
VB,shackle,anger|anticipation|disgust|fear|sadness
JJ,shady,fear
VB,shake,neutral
NN,shaking,neutral
JJ,shaky,fear
JJ,sham,anger|disgust
NN,sham,anger|disgust
VB,sham,anger|disgust
NN,shame,disgust|fear|sadness
VB,shame,disgust|fear|sadness
JJ,shameful,sadness
JJ,shameless,disgust
NN,shanghai,neutral
VB,shanghai,disgust|fear
NN,shank,neutral
VB,shank,neutral
NN,share,neutral
VB,share,neutral
VB,sharpen,neutral
VB,shatter,neutral
JJ,shattered,sadness
NN,shell,neutral
VB,shell,anger|fear|sadness|surprise
NN,shelter,trust
VB,shelter,trust
NN,shepherd,trust
VB,shepherd,neutral
NN,sheriff,neutral
VB,shine,neutral
JJ,shining,anticipation|joy
NN,shining,neutral
NN,ship,neutral
VB,ship,neutral
NN,shipwreck,neutral
VB,shipwreck,fear|sadness
NN,shit,anger|disgust
VB,shit,anger|disgust
NN,shiver,fear
VB,shiver,fear
NN,shock,anger|fear|surprise
VB,shock,anger|fear|surprise
RB,shockingly,surprise
JJ,shoddy,disgust
NN,shoddy,neutral
NN,shoot,neutral
VB,shoot,anger|fear|sadness
NN,shooter,neutral
NN,shooting,anger|fear
VB,shop,neutral
NN,shopkeeper,neutral
VB,shoplift,anger|disgust
NN,shoplifting,anger|disgust
NN,shopping,neutral
NN,shortage,anger|fear|sadness
RB,shortly,anticipation
JJ,shot,neutral
NN,shot,anger|fear|sadness|surprise
NN,shoulder,neutral
VB,shoulder,neutral
NN,shout,anger|surprise
VB,shout,anger|surprise
NN,shove,anger
VB,shove,anger
NN,show,neutral
VB,show,neutral
NN,shrapnel,neutral
NN,shriek,anger|fear|sadness|surprise
VB,shriek,anger|fear|sadness|surprise
JJ,shrill,anger|fear|surprise
VB,shrill,anger|fear|surprise
NN,shrink,neutral
VB,shrink,neutral
NN,shroud,neutral
VB,shroud,sadness
NN,shudder,neutral
VB,shudder,fear
VB,shun,anger|disgust|sadness
NN,sib,neutral
JJ,sick,sadness
NN,sick,sadness
VB,sick,disgust|sadness
VB,sicken,anger|disgust|fear|sadness
JJ,sickening,anger|disgust|fear|sadness
JJ,sickly,disgust|sadness
NN,sickness,disgust|fear|sadness
NN,signature,neutral
VB,signify,anticipation
JJ,silly,disgust
NN,silly,disgust
NN,simmer,neutral
VB,simmer,neutral
NN,simmering,neutral
VB,simplify,neutral
NN,sin,anger|disgust|fear|sadness
VB,sin,anger|disgust|fear|sadness
JJ,sincere,trust
JJ,sinful,anger|disgust|fear|sadness
VB,sing,neutral
RB,singularly,neutral
JJ,sinister,anger|disgust|fear
VB,sink,disgust|fear|sadness
NN,sinner,anger|disgust|fear|sadness
JJ,sinning,disgust
NN,sinning,disgust
NN,sir,neutral
NN,siren,fear
NN,sisterhood,trust
NN,sizzle,neutral
VB,sizzle,neutral
VB,skew,neutral
JJ,skewed,neutral
NN,skid,neutral
VB,skid,neutral
JJ,skillful,trust
NN,skirmish,anger
VB,skirmish,anger
NN,slam,anger|fear|surprise
VB,slam,anger|fear|surprise
NN,slander,anger|disgust
VB,slander,anger|disgust
NN,slap,anger|surprise
RB,slap,neutral
VB,slap,anger|surprise
NN,slash,neutral
VB,slash,anger
NN,slaughter,disgust|fear|sadness
VB,slaughter,disgust|fear|sadness
NN,slaughterhouse,neutral
NN,slave,anger|fear|sadness
VB,slave,anger|fear|sadness
NN,slavery,anger|disgust|fear|sadness
VB,slay,anger
NN,slayer,anger|disgust|fear|sadness
NN,slime,disgust
VB,slime,disgust
JJ,slimy,disgust
NN,slip,disgust
VB,slip,neutral
NN,slop,disgust
VB,slop,neutral
JJ,sloppy,disgust
NN,sloth,disgust
NN,sludge,disgust
NN,slug,anger
VB,slug,anger
JJ,sluggish,neutral
NN,slum,disgust
VB,slum,neutral
NN,slump,sadness
VB,slump,sadness
NN,slur,neutral
VB,slur,neutral
NN,slush,neutral
VB,slush,neutral
NN,slut,anger|disgust
JJ,sly,anger|disgust|fear
NN,smack,anger
RB,smack,neutral
VB,smack,anger
NN,smash,anger|fear
RB,smash,anger|fear
VB,smash,anger|fear
NN,smell,neutral
VB,smell,neutral
JJ,smelling,neutral
NN,smelling,neutral
NN,smile,joy|surprise|trust
VB,smile,joy|surprise|trust
JJ,smiling,joy
NN,smiling,joy
VB,smite,anger|fear|sadness
NN,smith,neutral
NN,smother,neutral
VB,smother,neutral
VB,smuggle,neutral
NN,smuggler,anger|disgust|fear
NN,smut,neutral
VB,smut,disgust|fear
NN,snag,neutral
VB,snag,surprise
NN,snake,neutral
VB,snake,neutral
NN,snare,fear
VB,snare,fear
NN,snarl,anger|disgust
VB,snarl,anger|disgust
JJ,sneak,neutral
NN,sneak,neutral
VB,sneak,neutral
JJ,sneaking,fear
NN,sneer,anger|disgust
VB,sneer,anger|disgust
NN,sneeze,neutral
VB,sneeze,neutral
NN,snort,disgust
VB,snort,sadness
NN,sob,sadness
VB,sob,sadness
NN,sobriety,neutral
NN,socialism,neutral
JJ,socialist,neutral
NN,socialist,neutral
NN,soil,disgust
VB,soil,neutral
JJ,soiled,disgust
NN,soldier,neutral
VB,soldier,neutral
NN,solidarity,trust
NN,solidity,neutral
JJ,somatic,neutral
JJ,somber,sadness
NN,sonar,neutral
NN,sonnet,neutral
VB,sonnet,neutral
JJ,sonorous,neutral
NN,soot,neutral
VB,soot,neutral
VB,soothe,joy|trust
JJ,soothing,joy|trust
NN,sorcery,anticipation|fear|surprise
JJ,sordid,anger|disgust|fear|sadness
JJ,sore,sadness
NN,sore,sadness
RB,sorely,sadness
NN,soreness,sadness
NN,sorrow,fear|sadness
VB,sorrow,fear|sadness
JJ,sorrowful,sadness
NN,sortie,fear
JJ,soulless,disgust|fear|sadness
NN,soundness,neutral
JJ,sour,disgust
NN,sour,neutral
VB,sour,disgust
JJ,sovereign,neutral
NN,sovereign,neutral
NN,spa,neutral
NN,spaniel,neutral
NN,spank,anger|fear|sadness
VB,spank,anger|fear|sadness
JJ,spanking,anger
NN,spanking,anger
NN,sparkle,neutral
VB,sparkle,neutral
NN,spasm,sadness
NN,spat,anger
VB,spat,anger
NN,spear,neutral
VB,spear,anger|anticipation|fear
JJ,special,joy
NN,special,joy
NN,specialist,trust
VB,specialize,trust
NN,speck,neutral
VB,speck,neutral
JJ,spectacular,anticipation|surprise
NN,spectacular,anticipation|surprise
NN,specter,fear|sadness
NN,speculation,neutral
JJ,speculative,fear
VB,spew,disgust
NN,spider,neutral
NN,spike,neutral
VB,spike,fear
NN,spine,neutral
NN,spinster,neutral
VB,spirit,anticipation|joy|surprise
NN,spirits,neutral
NN,spit,neutral
VB,spit,disgust
NN,spite,anger
VB,spite,anger
JJ,spiteful,anger
NN,splash,neutral
VB,splash,neutral
JJ,splendid,joy|surprise
NN,splendor,anticipation|joy|surprise
VB,split,neutral
JJ,splitting,sadness
NN,spoil,disgust
VB,spoil,disgust
NN,spoiler,sadness
NN,spokesman,neutral
NN,sponsor,trust
VB,sponsor,trust
NN,spook,fear
VB,spook,fear
JJ,spotless,neutral
NN,spouse,neutral
NN,sprain,sadness
VB,sprain,neutral
NN,sprite,fear
NN,spur,neutral
VB,spur,disgust
JJ,spurious,disgust
NN,squall,fear|sadness
VB,squall,fear|sadness
JJ,squeamish,disgust|fear
NN,squelch,anger|disgust
VB,squelch,anger|disgust
NN,squirm,disgust
VB,squirm,disgust
NN,stab,anger|fear|sadness|surprise
VB,stab,anger|fear|sadness|surprise
JJ,stable,trust
NN,stable,neutral
VB,stable,neutral
NN,stagger,neutral
VB,stagger,neutral
JJ,stagnant,sadness
NN,stain,disgust
VB,stain,disgust
NN,stalemate,anger|disgust
VB,stalemate,anger|disgust
NN,stalk,neutral
VB,stalk,neutral
NN,stall,neutral
VB,stall,disgust
NN,stamina,neutral
NN,standoff,neutral
NN,standstill,neutral
JJ,star,anticipation|joy|trust
NN,star,neutral
VB,star,anticipation|joy|trust
JJ,stark,neutral
RB,stark,neutral
JJ,starry,anticipation|joy
NN,start,anticipation
VB,start,anticipation
NN,startle,fear|surprise
VB,startle,fear|surprise
JJ,startling,surprise
VB,startling,surprise
NN,starvation,fear|sadness
NN,statement,neutral
JJ,statistical,neutral
JJ,steadfast,trust
JJ,steady,neutral
NN,steady,surprise|trust
RB,steady,trust
VB,steady,neutral
NN,steal,neutral
VB,steal,anger|fear|sadness
NN,stealing,disgust|fear
NN,stealth,fear|surprise
RB,stealthily,fear|surprise
JJ,stealthy,anticipation|fear|surprise
JJ,sterile,sadness
JJ,sterling,joy|trust
NN,sterling,neutral
NN,steward,neutral
JJ,sticky,disgust
VB,stifle,fear
JJ,stifled,anger|fear|sadness
NN,stigma,neutral
JJ,stillborn,sadness
NN,stillness,neutral
NN,sting,anger|fear
VB,sting,anger|fear
JJ,stingy,disgust|fear|sadness
NN,stink,disgust
VB,stink,disgust
JJ,stinking,disgust
NN,stint,neutral
VB,stint,fear|sadness
NN,stomach,neutral
VB,stomach,neutral
JJ,stone,neutral
NN,stone,neutral
VB,stone,anger
NN,stool,neutral
VB,stool,disgust
NN,store,neutral
VB,store,anticipation
NN,storm,neutral
VB,storm,anger
JJ,stormy,fear
JJ,straightforward,trust
VB,strain,anger
JJ,strained,anger
NN,straits,fear
JJ,stranger,fear
NN,stranger,neutral
VB,strangle,anger|disgust|fear|sadness|surprise
NN,strategist,anticipation|trust
NN,strength,trust
NN,strengthening,joy|trust
VB,strengthening,joy|trust
NN,stretcher,neutral
JJ,stricken,sadness
NN,strife,anger
NN,strike,anger
VB,strike,anger
NN,strip,neutral
VB,strip,sadness
JJ,stripped,neutral
VB,strive,anticipation
NN,stroke,neutral
VB,stroke,neutral
JJ,structural,neutral
NN,structure,neutral
VB,structure,neutral
NN,struggle,anger|fear|sadness
VB,struggle,anger|fear|sadness
VB,stun,fear|surprise
JJ,stunned,fear|surprise
NN,sty,disgust
VB,subject,sadness
NN,subjugation,anger|disgust|fear|sadness
NN,sublimation,neutral
VB,submit,anticipation
JJ,subordinate,neutral
NN,subordinate,neutral
VB,subordinate,neutral
VB,subscribe,neutral
NN,subsidence,sadness
NN,subsidy,neutral
VB,substantiate,neutral
NN,subversion,anger|fear
JJ,subversive,anger|surprise
NN,subversive,anger|surprise
VB,subvert,disgust|fear|sadness
VB,succeed,anticipation|joy|surprise
JJ,succeeding,neutral
NN,success,anticipation|joy
JJ,successful,anticipation|joy
NN,sucker,disgust
JJ,sudden,surprise
RB,suddenly,surprise
NN,sue,anger|sadness
VB,sue,anger|sadness
VB,suffer,disgust|fear|sadness
NN,sufferer,fear|sadness
JJ,suffering,disgust|fear|sadness
NN,suffering,disgust|fear|sadness
VB,suffocate,disgust|fear|sadness
JJ,suffocating,disgust|fear|sadness
NN,suffocation,anger|fear
VB,suggest,neutral
JJ,suicidal,anger|disgust|fear|sadness
NN,suicide,anger|fear|sadness
JJ,sullen,anger|sadness
NN,sultan,neutral
NN,sump,neutral
NN,sun,neutral
VB,sun,neutral
NN,sundial,neutral
JJ,sunk,disgust|fear|sadness
JJ,sunny,anticipation|joy|surprise
JJ,sunset,anticipation
NN,sunset,neutral
NN,sunshine,neutral
NN,superman,trust
NN,superstar,joy|trust
NN,superstition,disgust
JJ,superstitious,disgust
NN,supplication,trust
VB,support,trust
NN,supporter,trust
JJ,supporting,trust
NN,supporting,neutral
VB,suppress,anger|fear|sadness
NN,suppression,anger|disgust|fear
NN,supremacy,anticipation|joy
NN,surcharge,neutral
VB,surcharge,neutral
NN,surety,trust
NN,surge,surprise
VB,surge,surprise
NN,surgery,neutral
JJ,surly,anger|disgust
NN,surprise,surprise
VB,surprise,surprise
JJ,surprised,surprise
JJ,surprising,surprise
RB,surprisingly,surprise
NN,surrender,fear|sadness
VB,surrender,fear|sadness
JJ,surrogate,trust
NN,surrogate,neutral
NN,surround,anticipation
VB,surround,anticipation
NN,surveillance,neutral
JJ,suspect,neutral
NN,suspect,fear
VB,suspect,neutral
NN,suspense,anticipation|fear|surprise
NN,suspension,fear
NN,suspicion,fear
JJ,suspicious,anger
NN,swamp,neutral
VB,swamp,disgust|fear
JJ,swampy,neutral
NN,swarm,neutral
VB,swarm,neutral
NN,swastika,anger|fear
VB,swear,trust
NN,sweat,neutral
VB,sweat,neutral
JJ,sweet,neutral
NN,sweet,neutral
RB,sweet,anticipation|joy|surprise
JJ,sweetheart,anticipation|joy|surprise
NN,sweetheart,anticipation|joy|surprise
NN,swelling,fear
VB,swelling,neutral
NN,swerve,fear|surprise
VB,swerve,fear|surprise
NN,swig,disgust
VB,swig,anger
NN,swim,neutral
VB,swim,neutral
NN,swine,neutral
NN,symmetry,neutral
JJ,sympathetic,neutral
VB,sympathize,sadness
NN,sympathy,sadness
NN,symphony,neutral
VB,synchronize,anticipation
NN,syncope,fear|sadness|surprise
JJ,synergistic,neutral
NN,synod,neutral
JJ,synonymous,neutral
NN,syringe,neutral
VB,syringe,neutral
NN,system,neutral
JJ,taboo,disgust|fear
NN,taboo,disgust|fear
VB,taboo,disgust|fear
VB,tabulate,anticipation
NN,tackle,neutral
VB,tackle,anger|surprise
NN,tactics,neutral
NN,taint,sadness
VB,taint,sadness
NN,talon,neutral
NN,tandem,neutral
RB,tandem,neutral
VB,tantalize,disgust
JJ,tantalizing,anticipation|joy
JJ,tantamount,neutral
NN,tariff,neutral
VB,tariff,neutral
NN,tarnish,neutral
VB,tarnish,disgust|sadness
JJ,tasteless,neutral
NN,taunt,anger|fear|sadness
VB,taunt,anger|fear|sadness
JJ,tawny,neutral
NN,tax,neutral
VB,tax,neutral
NN,teach,neutral
VB,teach,neutral
NN,teacher,neutral
NN,team,neutral
VB,team,neutral
JJ,tearful,sadness
NN,tease,anger|sadness
VB,tease,anger|sadness
JJ,teasing,anger|sadness
NN,teasing,anger|sadness
JJ,teeming,neutral
JJ,temperate,neutral
NN,tempest,anger|fear|sadness
JJ,tender,neutral
NN,tender,neutral
VB,tender,neutral
NN,tenderness,joy
NN,tension,anger
JJ,terminal,neutral
NN,terminal,neutral
VB,terminate,neutral
NN,termination,neutral
NN,termite,neutral
JJ,terrible,anger|disgust|fear|sadness
RB,terribly,neutral
JJ,terrific,neutral
NN,terror,fear
NN,terrorism,anger|disgust|fear|sadness
NN,terrorist,anger|disgust|fear|sadness
VB,terrorize,anger|fear|sadness
NN,testament,anticipation|trust
NN,testimony,trust
NN,tetanus,neutral
JJ,thankful,joy
NN,thanksgiving,joy
NN,theft,anger|disgust|fear|sadness
NN,theism,neutral
JJ,theocratic,neutral
JJ,theological,neutral
NN,theology,neutral
NN,theorem,neutral
NN,theory,neutral
JJ,therapeutic,joy|trust
NN,therapeutic,neutral
NN,thermocouple,neutral
NN,thermometer,neutral
NN,thief,anger|disgust|fear|sadness
VB,think,anticipation
NN,thirst,anticipation|sadness
VB,thirst,anticipation|sadness
JJ,thirteenth,neutral
NN,thirteenth,neutral
JJ,thorny,neutral
NN,thought,anticipation
JJ,thoughtful,trust
JJ,thoughtless,anger|disgust
NN,thrash,neutral
VB,thrash,anger|disgust|fear|sadness
NN,threat,anger|fear
VB,threaten,anger|anticipation|fear
JJ,threatening,anger|disgust|fear
VB,thresh,anger|fear|sadness
NN,thrift,disgust|trust
NN,thrill,fear|surprise
VB,thrill,anticipation|joy|surprise
JJ,thrilling,anticipation|joy|surprise
VB,thrive,anticipation|joy
JJ,thriving,anticipation|joy
NN,throb,fear|sadness
VB,throb,fear|sadness
NN,throne,neutral
VB,throne,neutral
NN,throttle,neutral
VB,throttle,neutral
NN,thug,anger|disgust|fear
NN,thump,anger
VB,thump,anger
JJ,thumping,neutral
NN,thumping,fear
VB,thunder,anger|fear
JJ,thundering,anger|fear
NN,thwart,neutral
VB,thwart,neutral
NN,tickle,joy|surprise
VB,tickle,joy|surprise
NN,tiff,anger
VB,tighten,neutral
NN,time,neutral
VB,time,neutral
JJ,timid,fear|sadness
NN,timid,fear|sadness
NN,timidity,anticipation|fear
NN,tinsel,neutral
VB,tinsel,neutral
NN,tirade,anger|disgust
NN,title,neutral
VB,title,neutral
NN,toad,neutral
NN,toast,neutral
VB,toast,neutral
NN,toilet,neutral
VB,tolerate,anger|sadness
NN,tomb,sadness
NN,tomorrow,neutral
RB,tomorrow,neutral
NN,toothache,sadness
JJ,top,anticipation|trust
NN,top,neutral
VB,top,anticipation|trust
VB,topple,surprise
NN,torment,anger|fear|sadness
VB,torment,anger|fear|sadness
NN,tornado,neutral
NN,torpedo,anger
VB,torpedo,anger
NN,torrent,neutral
JJ,tortious,anger|disgust
NN,torture,anger|disgust|fear|sadness
VB,torture,anger|disgust|fear|sadness
JJ,touchy,sadness
JJ,tough,sadness
NN,tough,neutral
NN,toughness,neutral
VB,tower,neutral
JJ,towering,neutral
JJ,toxic,disgust
NN,toxin,fear
NN,track,neutral
VB,track,neutral
NN,tract,neutral
NN,trade,neutral
VB,trade,neutral
NN,tragedy,fear|sadness
NN,trainer,neutral
NN,traitor,anger|disgust|fear|sadness
NN,tramp,disgust|fear|sadness
VB,tramp,neutral
JJ,tranquil,joy
NN,tranquility,joy|trust
NN,transaction,neutral
NN,transcendence,anticipation|joy|surprise|trust
NN,transcript,neutral
JJ,transitional,neutral
NN,translation,neutral
NN,trash,disgust|sadness
VB,trash,disgust|sadness
JJ,trashy,disgust
JJ,traumatic,anger|fear|sadness
NN,travesty,disgust|fear|sadness
VB,travesty,disgust|fear|sadness
JJ,treacherous,anger|disgust|fear
NN,treachery,anger|fear|sadness|surprise
NN,treadmill,neutral
NN,treason,anger|disgust|fear|surprise
NN,treasure,neutral
VB,treasure,anticipation|joy|trust
NN,treasurer,neutral
NN,treat,surprise
VB,treat,neutral
NN,tree,neutral
VB,tree,anger|disgust
VB,tremble,fear
JJ,trembling,fear
NN,trembling,fear
NN,tremor,anger|anticipation|fear|sadness
VB,tremor,anger|anticipation|fear|sadness
NN,trepidation,anticipation|fear|surprise
NN,trespass,anger
VB,trespass,anger
NN,tribe,neutral
NN,tribulation,fear|sadness
NN,tribunal,neutral
NN,tribune,neutral
JJ,tributary,neutral
NN,tributary,neutral
NN,trick,disgust
VB,trick,disgust
NN,trickery,anger|disgust|fear|sadness|surprise
NN,trip,neutral
VB,trip,neutral
JJ,tripping,neutral
NN,triumph,anticipation|joy
VB,triumph,anticipation|joy
JJ,triumphant,anticipation|joy|trust
NN,troll,neutral
VB,troll,neutral
NN,trophy,anticipation|joy|surprise
JJ,troublesome,anger|fear
NN,truce,joy|trust
NN,truck,neutral
VB,truck,neutral
JJ,TRUE,trust
NN,TRUE,neutral
RB,TRUE,neutral
VB,TRUE,neutral
NN,trump,neutral
VB,trump,neutral
NN,truss,neutral
VB,truss,neutral
NN,trust,trust
VB,trust,trust
NN,trustee,trust
NN,truth,trust
JJ,truthful,trust
NN,truthfulness,trust
NN,tumor,neutral
NN,tumour,neutral
NN,tumult,anger|fear|surprise
JJ,tumultuous,anger|fear
NN,turbulence,anger|fear
JJ,turbulent,anger
NN,turmoil,anger|fear|sadness
NN,tussle,anger
VB,tussle,anger
NN,tutelage,neutral
NN,twinkle,anticipation|joy
VB,twinkle,neutral
NN,typhoon,neutral
JJ,tyrannical,anger|disgust|fear
NN,tyranny,fear|sadness
NN,tyrant,anger|disgust|fear|sadness
NN,ugliness,disgust|fear|sadness
JJ,ugly,disgust
NN,ulcer,anger|disgust|fear|sadness
JJ,ultimate,anticipation
NN,ultimate,anticipation
RB,ultimately,anticipation
NN,ultimatum,anger|fear
NN,umpire,neutral
VB,umpire,neutral
JJ,unable,sadness
JJ,unacceptable,sadness
JJ,unaccountable,disgust|sadness
JJ,unacknowledged,sadness
JJ,unanticipated,surprise
JJ,unattainable,anger|sadness
JJ,unattractive,disgust|sadness
JJ,unbearable,disgust|sadness
JJ,unbeaten,anticipation|joy|sadness|surprise
JJ,unbridled,anger|fear|surprise
VB,unbridled,neutral
JJ,unbroken,trust
JJ,uncanny,fear|surprise
JJ,uncaring,anger|disgust|sadness
JJ,uncertain,neutral
JJ,unclean,disgust
JJ,unconscionable,disgust
JJ,unconstrained,joy
JJ,uncontrollable,anger|surprise
VB,uncover,neutral
JJ,undecided,neutral
NN,underestimate,neutral
VB,underestimate,neutral
VB,underpaid,neutral
VB,understand,neutral
JJ,understanding,trust
NN,understanding,neutral
NN,undertaker,neutral
NN,undertaking,neutral
VB,undertaking,neutral
VB,underwrite,trust
JJ,undesirable,anger|disgust|fear|sadness
NN,undesirable,anger|disgust|fear|sadness
JJ,undesired,sadness
JJ,undisclosed,neutral
JJ,undiscovered,surprise
JJ,undying,neutral
NN,uneasiness,anticipation|sadness
JJ,uneasy,disgust|fear
JJ,uneducated,neutral
JJ,unemployed,neutral
NN,unemployed,neutral
JJ,unequal,neutral
JJ,unequivocal,trust
JJ,unexpected,fear|joy|surprise
RB,unexpectedly,surprise
JJ,unexplained,neutral
JJ,unfair,anger|disgust|sadness
NN,unfairness,anger|sadness
JJ,unfaithful,disgust
JJ,unfavorable,disgust|sadness
VB,unfold,anticipation
JJ,unforeseen,surprise
JJ,unforgiving,anger|sadness
JJ,unfortunate,sadness
NN,unfortunate,sadness
JJ,unfriendly,anger|disgust|fear|sadness
JJ,unfulfilled,sadness
JJ,ungodly,sadness
JJ,ungrateful,anger|disgust
JJ,unguarded,neutral
NN,unhappiness,sadness
JJ,unhappy,sadness
JJ,unhealthy,sadness
JJ,unholy,neutral
NN,unification,anticipation|joy|trust
JJ,unimaginable,surprise
JJ,unimportant,sadness
JJ,uninspired,sadness
JJ,unintended,surprise
JJ,unintentional,surprise
RB,unintentionally,surprise
JJ,uninterested,sadness
JJ,uninteresting,sadness
JJ,uninvited,sadness
JJ,unique,neutral
JJ,united,neutral
VB,united,trust
NN,unity,trust
NN,university,neutral
JJ,unjust,anger
JJ,unjustifiable,anger|disgust|fear
JJ,unkind,anger|disgust|fear|sadness
JJ,unknown,neutral
NN,unknown,fear
JJ,unlawful,anger|disgust|fear|sadness
JJ,unlucky,anger|disgust|fear|sadness
JJ,unmanageable,disgust
JJ,unnatural,disgust
JJ,unpaid,neutral
JJ,unpleasant,disgust|sadness
JJ,unpopular,disgust|sadness
JJ,unprecedented,surprise
JJ,unpredictable,surprise
JJ,unpublished,neutral
JJ,unquestionable,neutral
RB,unquestionably,neutral
JJ,unquestioned,trust
JJ,unreliable,disgust
JJ,unrequited,sadness
JJ,unresolved,neutral
NN,unrest,fear|sadness
JJ,unruly,anger|disgust|fear
JJ,unsafe,fear
JJ,unsatisfactory,disgust
JJ,unsatisfied,disgust|sadness
VB,unseat,sadness
VB,unsettle,anger|disgust|fear
JJ,unsettled,neutral
JJ,unsightly,disgust
JJ,unspeakable,neutral
JJ,unstable,fear|surprise
JJ,unsteady,fear
JJ,unsuccessful,sadness
JJ,unsurpassed,anticipation|fear|joy|trust
JJ,unsuspecting,neutral
JJ,unsympathetic,anger
JJ,unthinkable,neutral
JJ,untidy,disgust
VB,untie,joy
JJ,untitled,neutral
JJ,untold,neutral
JJ,untoward,anger|disgust
JJ,untrustworthy,disgust
JJ,unverified,neutral
JJ,unwashed,disgust
JJ,unwavering,trust
JJ,unwelcome,sadness
JJ,unwell,sadness
JJ,unworthy,disgust
NN,upheaval,anger|fear|sadness
JJ,uphill,neutral
NN,uphill,neutral
RB,uphill,neutral
NN,uplift,neutral
VB,uplift,anticipation|joy|trust
JJ,upright,trust
NN,upright,neutral
NN,uprising,anger|anticipation|fear
VB,uprising,neutral
JJ,upset,anger|sadness
NN,upset,anger|sadness
VB,upset,neutral
NN,urgency,anticipation|fear|surprise
JJ,urgent,anticipation|fear|surprise
NN,urn,neutral
NN,usher,neutral
VB,usher,neutral
JJ,usual,neutral
VB,usurp,anger
JJ,utopian,anticipation|joy|trust
NN,utopian,anticipation|joy|trust
NN,vacation,neutral
VB,vacation,anticipation|joy
JJ,vacuous,disgust
RB,vainly,disgust|sadness
NN,validity,neutral
NN,valor,trust
NN,vampire,anger|disgust|fear
VB,vanish,surprise
JJ,vanished,sadness
VB,vanished,neutral
JJ,variable,neutral
NN,variable,neutral
NN,varicella,neutral
NN,veal,neutral
VB,veer,surprise
JJ,vegetative,neutral
JJ,vehement,anger
NN,vendetta,anger|fear|sadness
JJ,venerable,anticipation|trust
NN,vengeance,anger
JJ,vengeful,anger|fear
NN,venom,neutral
JJ,venomous,anger|disgust|fear
NN,vent,neutral
VB,vent,neutral
NN,veracity,trust
NN,verdict,neutral
NN,verge,neutral
VB,verge,neutral
NN,verification,neutral
JJ,verified,neutral
VB,verify,neutral
RB,verily,neutral
NN,vermin,anger|disgust|fear
JJ,vernal,joy
NN,vertigo,neutral
JJ,vesicular,neutral
JJ,veteran,trust
NN,veteran,neutral
NN,veto,anger
VB,veto,anger
NN,vicar,neutral
JJ,vicious,anger|disgust
NN,victim,anger|fear|sadness
VB,victimize,anger|disgust|fear|sadness
JJ,victimized,anger|disgust|fear|sadness
NN,victor,joy
JJ,victorious,joy
NN,victory,anticipation|joy|trust
NN,vigil,neutral
NN,vigilance,anticipation
JJ,vigilant,anticipation
JJ,vigorous,neutral
NN,villager,neutral
NN,villain,fear
JJ,villainous,anger|disgust|fear
VB,vindicate,neutral
NN,vindication,neutral
JJ,vindictive,anger|disgust
NN,violation,anger|fear|sadness|surprise
NN,violence,anger|fear|sadness
JJ,violent,anger|disgust|fear|surprise
RB,violently,anger|disgust|fear|sadness
NN,viper,neutral
JJ,virgin,neutral
NN,virgin,trust
NN,virginity,neutral
NN,virtue,trust
JJ,virtuous,joy|trust
NN,virulence,anger|fear
NN,vision,neutral
JJ,visionary,neutral
NN,visionary,neutral
NN,visitor,neutral
NN,visor,neutral
NN,vitality,joy
JJ,vivacious,joy
JJ,vivid,joy
NN,volatility,neutral
NN,volcano,neutral
JJ,volunteer,neutral
NN,volunteer,neutral
VB,volunteer,neutral
NN,volunteers,neutral
VB,volunteers,neutral
JJ,voluptuous,anticipation|joy
NN,vomit,disgust
VB,vomit,disgust
NN,vote,neutral
VB,vote,neutral
JJ,votive,trust
VB,vouch,trust
NN,voucher,trust
NN,vow,anticipation|joy|trust
VB,vow,anticipation|joy|trust
NN,voyage,neutral
VB,voyage,neutral
JJ,vulgar,disgust
NN,vulgarity,anger|disgust|sadness
NN,vulnerability,fear|sadness
NN,vulture,neutral
NN,waffle,neutral
VB,waffle,sadness
VB,wage,anger
NN,wages,neutral
NN,wail,sadness
VB,wail,sadness
NN,wait,anticipation
VB,wait,anticipation
NN,wallow,sadness
VB,wallow,neutral
JJ,wan,neutral
NN,wan,neutral
VB,wan,fear|sadness
NN,wane,sadness
VB,wane,neutral
VB,want,neutral
JJ,wanting,sadness
NN,war,fear
VB,war,fear
NN,warden,neutral
NN,ware,neutral
VB,ware,neutral
NN,warfare,anger|fear|sadness
JJ,warlike,anger|fear
NN,warlock,fear
VB,warn,anticipation|fear|surprise
JJ,warning,fear
NN,warning,fear
NN,warp,anger|sadness
VB,warp,anger|sadness
NN,warranty,trust
NN,warrior,anger|fear
NN,wart,neutral
JJ,wary,fear
JJ,waste,disgust
NN,waste,disgust
VB,waste,disgust
JJ,wasted,disgust|sadness
JJ,wasteful,disgust|sadness
NN,wasting,sadness
NN,watch,neutral
VB,watch,neutral
NN,watchdog,neutral
JJ,watchful,neutral
NN,watchman,trust
NN,waver,neutral
VB,waver,fear
JJ,weakly,sadness
RB,weakly,fear|sadness
NN,wealth,neutral
NN,wear,neutral
VB,wear,neutral
RB,wearily,sadness
NN,weariness,sadness
JJ,weary,sadness
VB,weary,sadness
VB,weed,neutral
NN,weeds,sadness
VB,weep,sadness
JJ,weeping,sadness
NN,weeping,sadness
VB,weigh,neutral
NN,weight,neutral
VB,weight,neutral
JJ,weighty,neutral
JJ,weird,disgust
NN,weird,disgust
NN,weirdo,fear
VB,welcome,joy
NN,wench,neutral
VB,wench,anger|disgust
NN,whim,anticipation|joy|surprise
NN,whimper,fear|sadness
VB,whimper,fear|sadness
JJ,whimsical,neutral
NN,whine,disgust|sadness
VB,whine,disgust|sadness
NN,whip,neutral
VB,whip,anger
NN,whirlpool,neutral
VB,whirlpool,neutral
NN,whirlwind,neutral
JJ,white,neutral
NN,white,neutral
VB,white,neutral
NN,whiteness,neutral
VB,whiteness,neutral
JJ,wholesome,trust
NN,whore,disgust
VB,whore,disgust
JJ,wicked,disgust
NN,wickedness,disgust
NN,widow,neutral
VB,widow,neutral
NN,widower,neutral
JJ,wild,surprise
NN,wild,surprise
RB,wild,surprise
NN,wilderness,neutral
NN,wildfire,neutral
JJ,willful,anger|sadness
NN,wimp,disgust|fear
JJ,wimpy,disgust|fear
VB,win,joy|surprise
NN,wince,anger|disgust|fear|sadness
VB,wince,anger|disgust|fear|sadness
NN,winner,joy|surprise
JJ,winning,joy|surprise
NN,winning,joy|surprise
NN,winnings,anticipation|joy
JJ,wireless,neutral
NN,wireless,neutral
NN,wisdom,trust
JJ,wishful,anticipation
NN,witch,anger|disgust|fear
VB,witch,anger|disgust|fear
NN,witchcraft,anger|fear|sadness
VB,withdraw,neutral
VB,wither,sadness
JJ,withered,sadness
VB,withstand,anticipation
NN,witness,trust
VB,witness,trust
JJ,witty,joy
JJ,wizard,anticipation|surprise
NN,wizard,anticipation|surprise
NN,woe,disgust|fear|sadness
JJ,woeful,sadness
RB,woefully,disgust|sadness
JJ,wonderful,joy|surprise
RB,wonderfully,joy|surprise
NN,wont,neutral
NN,wop,anger
NN,word,neutral
VB,word,neutral
NN,words,neutral
NN,worm,neutral
VB,worm,neutral
JJ,worn,neutral
JJ,worried,sadness
NN,worry,anticipation|fear|sadness
VB,worry,anticipation|fear|sadness
JJ,worrying,anticipation|fear|sadness
NN,worrying,anticipation|fear|sadness
JJ,worse,fear|sadness
NN,worse,fear|sadness
RB,worse,fear|sadness
VB,worsen,disgust|sadness
JJ,worsening,disgust|sadness
NN,worsening,disgust|sadness
NN,worship,anticipation|joy|trust
VB,worship,anticipation|joy|trust
JJ,worthless,anger|disgust|sadness
JJ,worthy,trust
NN,worthy,trust
JJ,wound,neutral
NN,wound,sadness
VB,wound,anger|fear|sadness
VB,wrangle,anger|disgust|fear|sadness
NN,wrangling,anger|disgust|fear|sadness
NN,wrath,anger|fear
VB,wreak,anger
NN,wreck,anger|disgust|fear|sadness|surprise
VB,wreck,anger|disgust|fear|sadness|surprise
JJ,wrecked,anger|fear|sadness
NN,wretch,anger|disgust|sadness
JJ,wretched,disgust|sadness
NN,wring,anger
VB,wring,anger
VB,wrinkle,neutral
JJ,wrinkled,neutral
NN,wrongdoing,anger|disgust|sadness
JJ,wrongful,anger|disgust|sadness
RB,wrongly,anger|fear|sadness
NN,xenophobia,fear
VB,yearn,anticipation|joy
NN,yearning,anticipation|joy
NN,yell,anger|fear|surprise
VB,yell,anger|fear|surprise
NN,yelp,anger|fear|surprise
VB,yelp,anger|fear|surprise
JJ,young,anticipation
NN,young,neutral
NN,youth,neutral
JJ,zany,surprise
NN,zany,surprise
NN,zeal,anticipation|joy|surprise|trust
JJ,zealous,joy|trust
NN,zest,anticipation|joy|trust
VB,zest,neutral
