
    {
        "0":{
            "text":[
                "Yes, it's annoying and cumbersome to separate your rubbish properly all the time.",
                "Yes, it's annoying and cumbersome to separate your rubbish properly all the time."
            ],
            "simulation":[
                [
                    -0.596,
                    0.856,
                    0.0,
                    -0.078,
                    -0.275,
                    0.0,
                    0.0,
                    0.0,
                    -0.33,
                    0.552
                ],
                [
                    -1635758.589679426,
                    1143465.6799531488,
                    -0.285831766,
                    6.4854746075,
                    -0.3091645622,
                    -0.099839797,
                    -0.1045536686,
                    0.0388781699,
                    -0.3778711121,
                    1.1822548664
                ]
            ],
            "emotion dimension":[
                "ATTITUDE",
                "INTROSPECTION#ecstasy",
                "INTROSPECTION#loathing",
                "POLARITY",
                "SENSITIVITY",
                "SENSITIVITY#eagerness",
                "SENSITIVITY#enthusiasm",
                "SENSITIVITY#loathing",
                "TEMPER",
                "TEMPER#calmness"
            ]
        },
        "1":{
            "text":[
                "Three different bin bags stink away in the kitchen and have to be sorted into different wheelie bins.",
                "Three different bin bags stink away in the kitchen and have to be sorted into different wheelie bins."
            ],
            "simulation":[
                [
                    -0.393,
                    0.961,
                    -0.828,
                    -0.0928333333,
                    0.0,
                    0.0,
                    0.948,
                    0.0,
                    0.0,
                    0.0
                ],
                [
                    -1181878.6355286664,
                    -605686.8831267324,
                    -49572.4935443247,
                    -2.6914597348,
                    -0.0965939028,
                    -0.1140378708,
                    0.6619237226,
                    -0.0781811338,
                    -0.0046392027,
                    -0.110140784
                ]
            ],
            "emotion dimension":[
                "ATTITUDE",
                "INTROSPECTION#ecstasy",
                "INTROSPECTION#loathing",
                "POLARITY",
                "SENSITIVITY",
                "SENSITIVITY#eagerness",
                "SENSITIVITY#enthusiasm",
                "SENSITIVITY#loathing",
                "TEMPER",
                "TEMPER#calmness"
            ]
        },
        "2":{
            "text":[
                "But still Germany produces way too much rubbish",
                "But still Germany produces way too much rubbish"
            ],
            "simulation":[
                [
                    -0.596,
                    0.825,
                    0.0,
                    0.1055,
                    0.0,
                    0.0,
                    0.0,
                    0.0,
                    0.0,
                    0.0
                ],
                [
                    -1734723.0604102025,
                    1272404.76793983,
                    -0.2201378735,
                    6.7856297249,
                    0.0892561004,
                    0.1051356276,
                    0.0959111314,
                    0.0964578752,
                    0.0961523427,
                    0.0961746008
                ]
            ],
            "emotion dimension":[
                "ATTITUDE",
                "INTROSPECTION#ecstasy",
                "INTROSPECTION#loathing",
                "POLARITY",
                "SENSITIVITY",
                "SENSITIVITY#eagerness",
                "SENSITIVITY#enthusiasm",
                "SENSITIVITY#loathing",
                "TEMPER",
                "TEMPER#calmness"
            ]
        },
        "3":{
            "text":[
                "and too many resources are lost when what actually should be separated and recycled is burnt.",
                "and too many resources are lost when what actually should be separated and recycled is burnt."
            ],
            "simulation":[
                [
                    0.0,
                    0.0,
                    -0.899,
                    -0.2312,
                    0.0,
                    0.497,
                    0.918,
                    -0.856,
                    0.0,
                    0.0
                ],
                [
                    -0.4854752182,
                    -0.2533808645,
                    -0.8580954019,
                    -0.4701439451,
                    -0.2856944187,
                    0.1571565792,
                    0.2307015269,
                    -0.6579730644,
                    -0.2011936313,
                    -0.3945420102
                ]
            ],
            "emotion dimension":[
                "ATTITUDE",
                "INTROSPECTION#ecstasy",
                "INTROSPECTION#loathing",
                "POLARITY",
                "SENSITIVITY",
                "SENSITIVITY#eagerness",
                "SENSITIVITY#enthusiasm",
                "SENSITIVITY#loathing",
                "TEMPER",
                "TEMPER#calmness"
            ]
        },
        "4":{
            "text":[
                "We Berliners should take the chance and become pioneers in waste separation!",
                "We Berliners should take the chance and become pioneers in waste separation!"
            ],
            "simulation":[
                [
                    -0.521,
                    0.9195,
                    0.0,
                    0.0935,
                    0.0,
                    0.0,
                    0.0,
                    -0.856,
                    0.0,
                    0.0
                ],
                [
                    -1753336.154643537,
                    1282152.7119937069,
                    -0.2947044007,
                    9.0963488933,
                    0.0749135734,
                    0.0275141553,
                    0.0733294085,
                    -0.6296044009,
                    0.0812900009,
                    -0.0797606899
                ]
            ],
            "emotion dimension":[
                "ATTITUDE",
                "INTROSPECTION#ecstasy",
                "INTROSPECTION#loathing",
                "POLARITY",
                "SENSITIVITY",
                "SENSITIVITY#eagerness",
                "SENSITIVITY#enthusiasm",
                "SENSITIVITY#loathing",
                "TEMPER",
                "TEMPER#calmness"
            ]
        }
    }

