
    {
        "0":{
            "text":[
                "Health insurance companies should not cover treatment in complementary medicine",
                "Health insurance companies should not cover treatment in complementary medicine"
            ],
            "simulation":[
                [
                    0.274,
                    0.0,
                    0.0,
                    0.18,
                    0.9206666667,
                    0.0,
                    0.3873333333,
                    0.0,
                    -0.856,
                    0.0,
                    0.0,
                    0.0
                ],
                [
                    0.612333886,
                    0.4320008661,
                    0.5047677981,
                    0.6760412375,
                    1.0755246949,
                    0.3668070587,
                    0.7032712903,
                    0.3060703828,
                    -0.3027346258,
                    0.4561038812,
                    0.3236915515,
                    0.4191142677
                ]
            ],
            "emotion dimension":[
                "ATTITUDE#acceptance",
                "ATTITUDE#joy",
                "ATTITUDE#pleasantness",
                "INTROSPECTION#contentment",
                "INTROSPECTION#ecstasy",
                "INTROSPECTION#rage",
                "POLARITY",
                "SENSITIVITY#enthusiasm",
                "SENSITIVITY#loathing",
                "TEMPER",
                "TEMPER#bliss",
                "TEMPER#serenity"
            ]
        },
        "1":{
            "text":[
                "unless the promised effect and its medical benefit have been concretely proven.",
                "unless the promised effect and its medical benefit have been concretely proven."
            ],
            "simulation":[
                [
                    0.246,
                    0.0,
                    0.587,
                    0.0,
                    0.947,
                    0.0,
                    0.6833333333,
                    0.877,
                    0.0,
                    0.0,
                    0.94,
                    0.0
                ],
                [
                    0.9496669381,
                    0.7860011538,
                    1.2615320678,
                    0.7469113304,
                    1.5898011815,
                    0.7331479979,
                    1.6294839292,
                    1.062117162,
                    0.7454620305,
                    0.8412527825,
                    1.1950543095,
                    0.2329749033
                ]
            ],
            "emotion dimension":[
                "ATTITUDE#acceptance",
                "ATTITUDE#joy",
                "ATTITUDE#pleasantness",
                "INTROSPECTION#contentment",
                "INTROSPECTION#ecstasy",
                "INTROSPECTION#rage",
                "POLARITY",
                "SENSITIVITY#enthusiasm",
                "SENSITIVITY#loathing",
                "TEMPER",
                "TEMPER#bliss",
                "TEMPER#serenity"
            ]
        },
        "2":{
            "text":[
                "Yet this very proof is lacking in most cases.",
                "Yet this very proof is lacking in most cases."
            ],
            "simulation":[
                [
                    0.0,
                    0.784,
                    0.0,
                    0.0,
                    0.0,
                    0.0,
                    0.44,
                    0.0,
                    0.0,
                    0.0,
                    0.0,
                    0.244
                ],
                [
                    0.3863002047,
                    1.1024198945,
                    0.3744200748,
                    0.4874771177,
                    0.461006898,
                    0.4843854924,
                    0.8217388824,
                    0.4031315286,
                    0.4684866694,
                    0.4600126304,
                    0.5165744184,
                    0.8807396205
                ]
            ],
            "emotion dimension":[
                "ATTITUDE#acceptance",
                "ATTITUDE#joy",
                "ATTITUDE#pleasantness",
                "INTROSPECTION#contentment",
                "INTROSPECTION#ecstasy",
                "INTROSPECTION#rage",
                "POLARITY",
                "SENSITIVITY#enthusiasm",
                "SENSITIVITY#loathing",
                "TEMPER",
                "TEMPER#bliss",
                "TEMPER#serenity"
            ]
        },
        "3":{
            "text":[
                "Patients do often report relief of their complaints after such treatments.",
                "Patients do often report relief of their complaints after such treatments."
            ],
            "simulation":[
                [
                    0.0,
                    0.0,
                    0.0,
                    0.0,
                    0.936,
                    0.0,
                    0.46075,
                    0.0,
                    0.0,
                    -0.153,
                    0.999,
                    0.214
                ],
                [
                    0.467281794,
                    0.4612113999,
                    0.5274762032,
                    0.3759768174,
                    1.3230494164,
                    0.4861784553,
                    0.9219804059,
                    0.4750592183,
                    0.5664913886,
                    0.1725347945,
                    1.3141795062,
                    0.3261388721
                ]
            ],
            "emotion dimension":[
                "ATTITUDE#acceptance",
                "ATTITUDE#joy",
                "ATTITUDE#pleasantness",
                "INTROSPECTION#contentment",
                "INTROSPECTION#ecstasy",
                "INTROSPECTION#rage",
                "POLARITY",
                "SENSITIVITY#enthusiasm",
                "SENSITIVITY#loathing",
                "TEMPER",
                "TEMPER#bliss",
                "TEMPER#serenity"
            ]
        },
        "4":{
            "text":[
                "But as long as it is unclear as to how this works, the funds should rather be spent on therapies where one knows with certainty.",
                "But as long as it is unclear as to how this works, the funds should rather be spent on therapies where one knows with certainty."
            ],
            "simulation":[
                [
                    0.0,
                    0.0,
                    0.0,
                    0.298,
                    0.937,
                    -0.844,
                    0.2221666667,
                    0.992,
                    -0.856,
                    0.0,
                    0.0,
                    0.0
                ],
                [
                    0.2259600681,
                    0.2494407936,
                    0.2869343903,
                    0.389180228,
                    0.8015382337,
                    -0.1318447679,
                    0.3787609716,
                    0.7547618997,
                    -0.1611421461,
                    0.2412769309,
                    0.1632188296,
                    0.2559451229
                ]
            ],
            "emotion dimension":[
                "ATTITUDE#acceptance",
                "ATTITUDE#joy",
                "ATTITUDE#pleasantness",
                "INTROSPECTION#contentment",
                "INTROSPECTION#ecstasy",
                "INTROSPECTION#rage",
                "POLARITY",
                "SENSITIVITY#enthusiasm",
                "SENSITIVITY#loathing",
                "TEMPER",
                "TEMPER#bliss",
                "TEMPER#serenity"
            ]
        }
    }

