
    {
        "0":{
            "text":[
                "The death penalty should be abandoned everywhere.",
                "The death penalty should be abandoned everywhere."
            ],
            "simulation":[
                [
                    0.0,
                    0.0,
                    0.0,
                    -0.329,
                    0.0,
                    0.0,
                    0.516,
                    -0.953,
                    -0.487,
                    -0.908,
                    0.0,
                    0.0,
                    -0.856,
                    0.0,
                    0.0
                ],
                [
                    -0.472040243,
                    -0.5135986233,
                    -0.4558060792,
                    -0.7635131952,
                    -0.4708177596,
                    -0.6315595087,
                    -0.1561843692,
                    -1.0152526373,
                    -0.7832489926,
                    -1.4401118103,
                    -0.7504485881,
                    -0.504725297,
                    -1.1935578723,
                    -0.5844870851,
                    -0.6305749843
                ]
            ],
            "emotion dimension":[
                "ATTITUDE",
                "ATTITUDE#contentment",
                "ATTITUDE#pleasantness",
                "INTROSPECTION",
                "INTROSPECTION#ecstasy",
                "INTROSPECTION#fear",
                "INTROSPECTION#joy",
                "INTROSPECTION#loathing",
                "POLARITY",
                "SENSITIVITY",
                "SENSITIVITY#anger",
                "SENSITIVITY#enthusiasm",
                "SENSITIVITY#loathing",
                "SENSITIVITY#responsiveness",
                "TEMPER#disgust"
            ]
        },
        "1":{
            "text":[
                "From a Christian and humanistic perspective it is not allowed to kill someone.",
                "From a Christian and humanistic perspective it is not allowed to kill someone."
            ],
            "simulation":[
                [
                    0.0,
                    0.0,
                    0.0,
                    0.0,
                    0.9093333333,
                    -0.326,
                    0.0,
                    0.0,
                    0.2988,
                    0.0,
                    -0.54,
                    0.0,
                    0.0,
                    0.0,
                    0.0
                ],
                [
                    0.3029461484,
                    0.3021810501,
                    0.3536915779,
                    0.3335236926,
                    0.9691139902,
                    0.0613292667,
                    0.3932469579,
                    0.2920019014,
                    0.5234720843,
                    0.2532436288,
                    -0.1539847759,
                    0.3325571424,
                    0.2638561149,
                    0.3010551938,
                    0.2954260664
                ]
            ],
            "emotion dimension":[
                "ATTITUDE",
                "ATTITUDE#contentment",
                "ATTITUDE#pleasantness",
                "INTROSPECTION",
                "INTROSPECTION#ecstasy",
                "INTROSPECTION#fear",
                "INTROSPECTION#joy",
                "INTROSPECTION#loathing",
                "POLARITY",
                "SENSITIVITY",
                "SENSITIVITY#anger",
                "SENSITIVITY#enthusiasm",
                "SENSITIVITY#loathing",
                "SENSITIVITY#responsiveness",
                "TEMPER#disgust"
            ]
        },
        "2":{
            "text":[
                "Proponents of the death penalty count on its deterring effect as well as the ultimate elimination of any potential threat.",
                "Proponents of the death penalty count on its deterring effect as well as the ultimate elimination of any potential threat."
            ],
            "simulation":[
                [
                    -0.174,
                    0.478,
                    0.0,
                    0.0,
                    0.94,
                    0.0,
                    0.0,
                    -0.953,
                    0.2114,
                    -0.7385,
                    0.0,
                    0.0,
                    0.0,
                    0.0,
                    0.0
                ],
                [
                    -0.8771159386,
                    0.573297781,
                    0.2715011004,
                    0.1553697263,
                    1.0018771183,
                    0.204851761,
                    0.3507639756,
                    -0.6921388707,
                    0.3977795505,
                    -0.3950414924,
                    0.154869641,
                    0.149798263,
                    0.2103331462,
                    0.2083303698,
                    0.2119580618
                ]
            ],
            "emotion dimension":[
                "ATTITUDE",
                "ATTITUDE#contentment",
                "ATTITUDE#pleasantness",
                "INTROSPECTION",
                "INTROSPECTION#ecstasy",
                "INTROSPECTION#fear",
                "INTROSPECTION#joy",
                "INTROSPECTION#loathing",
                "POLARITY",
                "SENSITIVITY",
                "SENSITIVITY#anger",
                "SENSITIVITY#enthusiasm",
                "SENSITIVITY#loathing",
                "SENSITIVITY#responsiveness",
                "TEMPER#disgust"
            ]
        },
        "3":{
            "text":[
                "However also the threat of the death penalty in the respective countries apparently cannot prevent murder and violent crime.",
                "However also the threat of the death penalty in the respective countries apparently cannot prevent murder and violent crime."
            ],
            "simulation":[
                [
                    0.0,
                    0.0,
                    0.659,
                    -0.323,
                    0.955,
                    0.0,
                    0.0,
                    -0.935,
                    -0.4052,
                    -0.7896666667,
                    0.0,
                    0.0,
                    0.0,
                    0.298,
                    0.0
                ],
                [
                    -0.2139362589,
                    -0.4679122797,
                    0.171341542,
                    -0.7493144757,
                    0.5185934841,
                    -0.4265091459,
                    -0.2949809002,
                    -1.053237433,
                    -0.7117816689,
                    -1.254276773,
                    -0.5375693689,
                    -0.4712174417,
                    -0.4422486009,
                    -0.2057851628,
                    -0.4628477247
                ]
            ],
            "emotion dimension":[
                "ATTITUDE",
                "ATTITUDE#contentment",
                "ATTITUDE#pleasantness",
                "INTROSPECTION",
                "INTROSPECTION#ecstasy",
                "INTROSPECTION#fear",
                "INTROSPECTION#joy",
                "INTROSPECTION#loathing",
                "POLARITY",
                "SENSITIVITY",
                "SENSITIVITY#anger",
                "SENSITIVITY#enthusiasm",
                "SENSITIVITY#loathing",
                "SENSITIVITY#responsiveness",
                "TEMPER#disgust"
            ]
        },
        "4":{
            "text":[
                "Moreover it turns out time and again that innocent people are also convicted and executed.",
                "Moreover it turns out time and again that innocent people are also convicted and executed."
            ],